-- phpMyAdmin SQL Dump
-- version 4.7.9
-- https://www.phpmyadmin.net/
--
-- Host: 127.0.0.1
-- Generation Time: May 16, 2018 at 11:13 AM
-- Server version: 10.1.31-MariaDB
-- PHP Version: 7.2.3

SET SQL_MODE = "NO_AUTO_VALUE_ON_ZERO";
SET AUTOCOMMIT = 0;
START TRANSACTION;
SET time_zone = "+00:00";


/*!40101 SET @OLD_CHARACTER_SET_CLIENT=@@CHARACTER_SET_CLIENT */;
/*!40101 SET @OLD_CHARACTER_SET_RESULTS=@@CHARACTER_SET_RESULTS */;
/*!40101 SET @OLD_COLLATION_CONNECTION=@@COLLATION_CONNECTION */;
/*!40101 SET NAMES utf8mb4 */;

--
-- Database: `eapi`
--

-- --------------------------------------------------------

--
-- Table structure for table `migrations`
--

CREATE TABLE `migrations` (
  `id` int(10) UNSIGNED NOT NULL,
  `migration` varchar(191) COLLATE utf8mb4_unicode_ci NOT NULL,
  `batch` int(11) NOT NULL
) ENGINE=InnoDB DEFAULT CHARSET=utf8mb4 COLLATE=utf8mb4_unicode_ci;

--
-- Dumping data for table `migrations`
--

INSERT INTO `migrations` (`id`, `migration`, `batch`) VALUES
(1, '2014_10_12_000000_create_users_table', 1),
(2, '2014_10_12_100000_create_password_resets_table', 1),
(3, '2018_05_16_045204_create_products_table', 1),
(4, '2018_05_16_050137_create_reviews_table', 1);

-- --------------------------------------------------------

--
-- Table structure for table `password_resets`
--

CREATE TABLE `password_resets` (
  `email` varchar(191) COLLATE utf8mb4_unicode_ci NOT NULL,
  `token` varchar(191) COLLATE utf8mb4_unicode_ci NOT NULL,
  `created_at` timestamp NULL DEFAULT NULL
) ENGINE=InnoDB DEFAULT CHARSET=utf8mb4 COLLATE=utf8mb4_unicode_ci;

-- --------------------------------------------------------

--
-- Table structure for table `products`
--

CREATE TABLE `products` (
  `id` int(10) UNSIGNED NOT NULL,
  `name` varchar(191) COLLATE utf8mb4_unicode_ci NOT NULL,
  `detail` text COLLATE utf8mb4_unicode_ci NOT NULL,
  `price` int(11) NOT NULL,
  `stock` int(11) NOT NULL,
  `discount` int(11) NOT NULL,
  `created_at` timestamp NULL DEFAULT NULL,
  `updated_at` timestamp NULL DEFAULT NULL
) ENGINE=InnoDB DEFAULT CHARSET=utf8mb4 COLLATE=utf8mb4_unicode_ci;

--
-- Dumping data for table `products`
--

INSERT INTO `products` (`id`, `name`, `detail`, `price`, `stock`, `discount`, `created_at`, `updated_at`) VALUES
(1, 'accusamus', 'Et commodi non vitae sit quia rerum reiciendis. Sint illum doloribus est nihil error voluptatem et. Autem nam consectetur ratione sed a blanditiis id.', 445, 3, 21, '2018-05-16 02:24:00', '2018-05-16 02:24:00'),
(2, 'similique', 'Architecto consequatur nostrum quidem eveniet. Sed nisi distinctio saepe accusamus est est. Atque dicta architecto eaque nemo mollitia quia. Mollitia nulla eum quaerat ad illum. Enim odio eligendi sint enim consequatur.', 931, 8, 21, '2018-05-16 02:24:00', '2018-05-16 02:24:00'),
(3, 'velit', 'Veniam ipsa et facere vel. Eligendi labore totam dicta officiis. Quasi qui est tenetur aut.', 828, 6, 4, '2018-05-16 02:24:00', '2018-05-16 02:24:00'),
(4, 'ex', 'Hic quasi recusandae distinctio et. Mollitia earum voluptates minus praesentium. Voluptas maxime ut veritatis eaque reprehenderit est.', 165, 1, 6, '2018-05-16 02:24:00', '2018-05-16 02:24:00'),
(5, 'totam', 'Ea est in autem nisi veritatis ea. Similique omnis possimus magnam commodi molestias praesentium. Error sed in ut.', 455, 7, 14, '2018-05-16 02:24:00', '2018-05-16 02:24:00'),
(6, 'ipsa', 'Est repellat eligendi molestias aspernatur quis eum. Maxime ut dolor ducimus recusandae nam omnis corrupti. Perspiciatis eligendi eius impedit qui omnis occaecati suscipit. Aperiam quae repellat accusamus iusto ut corrupti modi.', 185, 1, 5, '2018-05-16 02:24:00', '2018-05-16 02:24:00'),
(7, 'excepturi', 'Totam eos quo veritatis suscipit fugiat. Et sunt commodi error in. Voluptas consequatur harum quia iusto pariatur iure laboriosam.', 115, 5, 14, '2018-05-16 02:24:00', '2018-05-16 02:24:00'),
(8, 'ut', 'Molestiae doloremque ea in magni ut similique. Ut ducimus et et sed eligendi deserunt id. Quas voluptatem minus quo. Dolore ab natus quia et asperiores voluptatibus autem molestias.', 340, 9, 22, '2018-05-16 02:24:00', '2018-05-16 02:24:00'),
(9, 'qui', 'Hic quibusdam quia rerum ut error amet magnam excepturi. Veniam corporis ut minus sunt et eius aut. Vitae repellendus earum enim ad aut deleniti.', 328, 4, 9, '2018-05-16 02:24:01', '2018-05-16 02:24:01'),
(10, 'soluta', 'Voluptates officiis voluptatem quo aut accusamus et. Qui esse consequuntur aut deleniti deleniti officia distinctio pariatur. Eos qui architecto nam nulla.', 392, 2, 16, '2018-05-16 02:24:01', '2018-05-16 02:24:01'),
(11, 'eos', 'Accusantium hic aliquam dolor iusto vitae. Ratione placeat sint omnis debitis quae necessitatibus et odio. Non optio id id aliquam consequatur quia minima veniam.', 734, 1, 11, '2018-05-16 02:24:01', '2018-05-16 02:24:01'),
(12, 'quia', 'Blanditiis et repellendus exercitationem impedit consectetur maiores numquam. Eligendi fugit odio dolor iusto. Consequatur perferendis et praesentium voluptatem sunt ratione.', 351, 1, 2, '2018-05-16 02:24:01', '2018-05-16 02:24:01'),
(13, 'error', 'Sunt ut eum temporibus eos architecto omnis cum porro. Facilis et neque commodi rerum voluptatum consequatur. Sed quaerat illum sed delectus et eaque. Aut rerum harum qui nisi pariatur quibusdam similique.', 750, 8, 28, '2018-05-16 02:24:01', '2018-05-16 02:24:01'),
(14, 'inventore', 'Delectus expedita aut ipsam facilis sunt distinctio esse. Quasi quia est sit velit. Repellat officia aut velit omnis dignissimos aut incidunt. Ut quis quasi nesciunt optio aliquam voluptates ratione a.', 921, 4, 14, '2018-05-16 02:24:01', '2018-05-16 02:24:01'),
(15, 'molestiae', 'Nobis iste dolor itaque ut. Sunt excepturi recusandae sint assumenda maxime sit. Placeat quis excepturi sunt non quae accusamus asperiores eius. Adipisci nam unde odit itaque ipsum.', 739, 4, 29, '2018-05-16 02:24:01', '2018-05-16 02:24:01'),
(16, 'est', 'Aliquam sequi necessitatibus ut enim culpa eius. Aut explicabo hic qui et consequatur ducimus autem. Deserunt et ut libero sint molestiae molestiae aliquid.', 278, 2, 3, '2018-05-16 02:24:01', '2018-05-16 02:24:01'),
(17, 'repudiandae', 'Reiciendis culpa assumenda eum. Quis aspernatur quasi laborum corporis. Facere cupiditate quos ullam neque.', 893, 6, 5, '2018-05-16 02:24:01', '2018-05-16 02:24:01'),
(18, 'et', 'Sapiente voluptas eaque in reprehenderit. Non rem harum ut sit qui et laudantium ipsa. Et aut asperiores eos sed minus non odio.', 904, 0, 4, '2018-05-16 02:24:01', '2018-05-16 02:24:01'),
(19, 'sint', 'Velit earum dolor sunt quia. Odit temporibus enim ea sunt nobis omnis consequatur fuga. Quia reiciendis aperiam quidem quos rerum. Dolore et tenetur quia maxime velit consequatur reiciendis.', 825, 1, 21, '2018-05-16 02:24:01', '2018-05-16 02:24:01'),
(20, 'ea', 'Dolorum nam atque architecto labore optio. Quis incidunt cum ea possimus omnis voluptates. Alias omnis rem molestiae reiciendis odit quas soluta.', 534, 5, 10, '2018-05-16 02:24:01', '2018-05-16 02:24:01'),
(21, 'eveniet', 'Repellendus quaerat eligendi et nulla minus. Repudiandae at est eos.', 234, 4, 6, '2018-05-16 02:24:01', '2018-05-16 02:24:01'),
(22, 'ut', 'Ut beatae occaecati ut consequatur quam sit molestiae aliquid. Tenetur sint eum aperiam adipisci sunt voluptatem. Voluptatem a sint ipsum dolorem odio eveniet quasi. Iusto sed sint optio libero ab. Dignissimos ad temporibus iste aut voluptatem.', 338, 4, 21, '2018-05-16 02:24:02', '2018-05-16 02:24:02'),
(23, 'exercitationem', 'Sit rerum excepturi explicabo et tempora sed. Quis at enim voluptatem cumque.', 897, 7, 8, '2018-05-16 02:24:02', '2018-05-16 02:24:02'),
(24, 'quibusdam', 'Et et illum labore omnis mollitia. Quidem dolorem mollitia et fuga. Non doloremque iure fugit ducimus magni. Animi aliquam autem qui doloribus.', 170, 1, 2, '2018-05-16 02:24:02', '2018-05-16 02:24:02'),
(25, 'accusamus', 'Pariatur eos dolorem modi. Adipisci dolores et ipsam inventore provident est. Quo molestiae dolorum voluptatum sed voluptas impedit. Et aut enim libero alias. Dolorem qui veniam maiores et sint.', 786, 2, 9, '2018-05-16 02:24:02', '2018-05-16 02:24:02'),
(26, 'commodi', 'Eligendi nam quaerat provident at consequatur expedita. Id impedit voluptate maiores neque in iusto laboriosam. Repellat quasi commodi perspiciatis assumenda.', 964, 5, 2, '2018-05-16 02:24:02', '2018-05-16 02:24:02'),
(27, 'reiciendis', 'Rem molestiae in accusamus consequatur. Corporis in nihil consequatur. Voluptas voluptatum possimus libero et et vel quos. Ut molestiae at sed hic.', 563, 7, 6, '2018-05-16 02:24:02', '2018-05-16 02:24:02'),
(28, 'voluptas', 'Laborum voluptatem autem molestias non non. Beatae facilis sed modi et voluptatem. Officia quasi provident quod aut eos natus.', 841, 4, 27, '2018-05-16 02:24:02', '2018-05-16 02:24:02'),
(29, 'hic', 'Ducimus molestiae corrupti eius atque natus deserunt. Et qui ea eaque illum ut. Dolorum delectus quia maxime repellendus odio. Expedita ad harum ea et accusantium.', 189, 0, 5, '2018-05-16 02:24:02', '2018-05-16 02:24:02'),
(30, 'minima', 'Odio sint earum excepturi. A explicabo recusandae sunt ea dolorem ea provident qui. Nihil aut magnam vitae aut possimus et.', 168, 2, 23, '2018-05-16 02:24:02', '2018-05-16 02:24:02'),
(31, 'quidem', 'Sint quisquam optio eos iure atque officiis. Ducimus iure alias incidunt accusantium ut molestias praesentium. Sed quia delectus minima ut iste.', 525, 9, 16, '2018-05-16 02:24:02', '2018-05-16 02:24:02'),
(32, 'vel', 'Necessitatibus dolorum laborum unde sunt hic delectus autem. Est molestiae praesentium quas et. Id saepe omnis dolore accusantium accusantium quo est.', 678, 2, 4, '2018-05-16 02:24:02', '2018-05-16 02:24:02'),
(33, 'perspiciatis', 'Eius quo quas veniam perferendis ea velit. Exercitationem voluptatem vel aut neque voluptates inventore. Architecto dicta voluptatibus quo eos.', 864, 7, 12, '2018-05-16 02:24:02', '2018-05-16 02:24:02'),
(34, 'eveniet', 'Illum accusamus minus quam at. Et neque rerum fugit cupiditate nisi. Quasi impedit libero qui eveniet aperiam eos. Doloremque laborum error repudiandae quisquam.', 589, 1, 7, '2018-05-16 02:24:02', '2018-05-16 02:24:02'),
(35, 'aliquam', 'Facere quae quos dolor quia officiis est. Beatae repudiandae quos ex dolorem deserunt. Optio sit culpa et sit fugiat.', 883, 1, 3, '2018-05-16 02:24:02', '2018-05-16 02:24:02'),
(36, 'ut', 'Sint voluptas facilis magni occaecati. Delectus harum quam voluptatum esse pariatur. Adipisci expedita culpa possimus officia ut pariatur. Soluta accusantium repellat aliquam necessitatibus eos quaerat. Accusamus repellendus vel minima facere impedit.', 488, 4, 15, '2018-05-16 02:24:02', '2018-05-16 02:24:02'),
(37, 'voluptatem', 'Ipsam qui rem voluptate quia eos quisquam quia nesciunt. Accusamus suscipit quaerat magni eum. Totam soluta cupiditate odio perspiciatis omnis velit et.', 196, 6, 9, '2018-05-16 02:24:02', '2018-05-16 02:24:02'),
(38, 'consequatur', 'Ab aut molestias ipsum est aut. Cumque eos voluptate minima eos omnis tempore rerum accusamus. Omnis omnis fugit omnis possimus. Dolorem totam qui enim et. Voluptatum necessitatibus et mollitia.', 787, 5, 19, '2018-05-16 02:24:02', '2018-05-16 02:24:02'),
(39, 'cupiditate', 'Odit corrupti suscipit deserunt ipsam ab adipisci aperiam et. Cum possimus et blanditiis. Eligendi vitae voluptas officia distinctio.', 615, 5, 14, '2018-05-16 02:24:02', '2018-05-16 02:24:02'),
(40, 'et', 'Odit sed eos inventore ut non. Dolores suscipit quam nam sint molestiae quam ipsam. Quo expedita consequatur aut ut est quis fugiat quo.', 961, 0, 4, '2018-05-16 02:24:02', '2018-05-16 02:24:02'),
(41, 'animi', 'Nulla enim corrupti maiores minima earum. Excepturi quas commodi minima error. Velit aut reiciendis iusto quia incidunt maxime aut. Ullam aut laudantium voluptate est in dolores. Blanditiis ut molestiae harum.', 326, 2, 13, '2018-05-16 02:24:02', '2018-05-16 02:24:02'),
(42, 'qui', 'Ab quia placeat voluptate laudantium. Placeat fugiat odit voluptate et cum. Voluptatem quia ad expedita impedit maiores.', 267, 8, 14, '2018-05-16 02:24:02', '2018-05-16 02:24:02'),
(43, 'harum', 'Fuga et et explicabo ipsa ea. Ipsum consequatur odit eaque ea id sint odit. Eum vel porro quod commodi sunt quis. Neque ut ut sapiente rerum qui qui.', 927, 2, 23, '2018-05-16 02:24:02', '2018-05-16 02:24:02'),
(44, 'distinctio', 'Vero minus omnis id et eos. Quasi exercitationem sequi similique. Voluptas aut sed repudiandae quo ab nulla quo. Earum ipsum ut sequi hic animi incidunt.', 701, 5, 9, '2018-05-16 02:24:02', '2018-05-16 02:24:02'),
(45, 'fugit', 'Vel cupiditate cupiditate voluptas mollitia. Aut facilis nostrum corrupti omnis ut. Dolores tempora quo possimus modi.', 294, 2, 14, '2018-05-16 02:24:02', '2018-05-16 02:24:02'),
(46, 'repellendus', 'Hic qui itaque aut numquam dolorem fuga dolor. Sunt eveniet eligendi sit qui. In ad ut et autem inventore officia voluptas. Quia distinctio molestiae velit aspernatur doloremque.', 342, 0, 20, '2018-05-16 02:24:02', '2018-05-16 02:24:02'),
(47, 'asperiores', 'Voluptas distinctio iure officiis consequatur. Suscipit iste ratione numquam sit. Vero rerum consectetur aut omnis. Ullam perspiciatis atque quia excepturi commodi nam.', 302, 2, 16, '2018-05-16 02:24:02', '2018-05-16 02:24:02'),
(48, 'perspiciatis', 'Ullam deserunt nam dolorum neque eos in. Voluptatem ea voluptate ut culpa blanditiis rerum ipsa. Quibusdam libero quis autem optio sint et eum sit. Beatae ducimus neque culpa cumque beatae numquam velit.', 757, 2, 24, '2018-05-16 02:24:02', '2018-05-16 02:24:02'),
(49, 'accusamus', 'Ea quae itaque voluptatibus. Ut eius mollitia ut rerum qui aperiam voluptates enim.', 824, 2, 29, '2018-05-16 02:24:02', '2018-05-16 02:24:02'),
(50, 'nisi', 'Ex illo laudantium exercitationem laboriosam voluptatem est eius in. Laboriosam qui non consequatur cupiditate distinctio earum sit dolorem. Reiciendis quasi aut et.', 177, 5, 24, '2018-05-16 02:24:02', '2018-05-16 02:24:02');

-- --------------------------------------------------------

--
-- Table structure for table `reviews`
--

CREATE TABLE `reviews` (
  `id` int(10) UNSIGNED NOT NULL,
  `product_id` int(10) UNSIGNED NOT NULL,
  `customer` varchar(191) COLLATE utf8mb4_unicode_ci NOT NULL,
  `review` text COLLATE utf8mb4_unicode_ci NOT NULL,
  `star` int(11) NOT NULL,
  `created_at` timestamp NULL DEFAULT NULL,
  `updated_at` timestamp NULL DEFAULT NULL
) ENGINE=InnoDB DEFAULT CHARSET=utf8mb4 COLLATE=utf8mb4_unicode_ci;

--
-- Dumping data for table `reviews`
--

INSERT INTO `reviews` (`id`, `product_id`, `customer`, `review`, `star`, `created_at`, `updated_at`) VALUES
(1, 40, 'Theresa Brekke', 'Quo commodi dolores pariatur. Inventore velit ex delectus officiis. Enim earum officia qui et exercitationem vel deserunt. Molestias odio impedit est doloremque dolorem quos.', 1, '2018-05-16 02:24:03', '2018-05-16 02:24:03'),
(2, 47, 'Manuela Connelly DVM', 'Animi consequatur ab quos veritatis rerum culpa. Quia officia nostrum eaque adipisci voluptatem beatae eaque. Nostrum eum veritatis tempora. Quo voluptas et animi maiores debitis id aspernatur.', 1, '2018-05-16 02:24:03', '2018-05-16 02:24:03'),
(3, 42, 'Ettie Sanford', 'Sit velit cupiditate et provident quia. Laboriosam nesciunt sed ea. Voluptate dolorum iusto aut illo dolor repudiandae nihil.', 1, '2018-05-16 02:24:03', '2018-05-16 02:24:03'),
(4, 20, 'Jesse Feest', 'Qui dolorem earum aperiam nemo quia blanditiis qui est. Eos qui qui nesciunt ea. Aut aut molestiae velit. Nostrum perspiciatis at iusto quia. Veniam debitis maxime provident qui fugiat dignissimos.', 5, '2018-05-16 02:24:03', '2018-05-16 02:24:03'),
(5, 50, 'Mr. Nigel Lind', 'Iusto voluptatum architecto neque doloribus. Voluptatem libero explicabo aut in et doloribus. Accusamus in earum laudantium illum vel ea aliquam. Aut consequatur delectus ut fugit similique autem.', 5, '2018-05-16 02:24:03', '2018-05-16 02:24:03'),
(6, 38, 'Gene McKenzie', 'Esse voluptatibus a nobis sed eos fuga. Fugiat perferendis sit incidunt quae consequatur cupiditate facilis. Nam incidunt et libero ea in eum. Autem labore ducimus laudantium dolore.', 2, '2018-05-16 02:24:03', '2018-05-16 02:24:03'),
(7, 20, 'Prof. Henri Blanda', 'Beatae non necessitatibus omnis sequi odio magni dolores nobis. Assumenda a nobis facilis rerum. Praesentium corporis voluptas mollitia tenetur accusamus occaecati enim optio.', 1, '2018-05-16 02:24:03', '2018-05-16 02:24:03'),
(8, 9, 'Libby Kozey', 'Omnis et eius dolor id et rerum et. Similique temporibus officia quas omnis nemo non. Aut est consequatur dolor dolorem. Est quisquam voluptates aliquid.', 1, '2018-05-16 02:24:03', '2018-05-16 02:24:03'),
(9, 2, 'Susie Willms', 'Officia ut quo quo quae. Magni molestiae qui maxime reprehenderit. Et id totam et aut sunt et. Voluptas tempore debitis alias et commodi.', 2, '2018-05-16 02:24:04', '2018-05-16 02:24:04'),
(10, 14, 'Prof. Barrett Runolfsson', 'Sit ut consectetur aliquam deleniti vel vero non. Placeat odio fuga eum reprehenderit enim eligendi architecto dolores. Qui et voluptas eaque ex qui aperiam. Tempore illum impedit iure aut porro eveniet.', 4, '2018-05-16 02:24:04', '2018-05-16 02:24:04'),
(11, 34, 'Mr. Savion Adams', 'Qui quidem est nemo et et qui. Iusto ab quos excepturi. Explicabo voluptas voluptate recusandae neque magni enim sed est.', 3, '2018-05-16 02:24:04', '2018-05-16 02:24:04'),
(12, 22, 'Prof. Yoshiko Mraz', 'Ut qui eveniet eos animi neque velit dolorem. Est dolor et id dolore error sint. Iure et quam tempora minus minima.', 1, '2018-05-16 02:24:04', '2018-05-16 02:24:04'),
(13, 12, 'Kaylin Fadel', 'Quia non voluptatem nemo quos inventore voluptas voluptas itaque. Saepe iure veritatis amet quaerat molestiae. Numquam in sunt nostrum libero temporibus veritatis perspiciatis nam.', 2, '2018-05-16 02:24:04', '2018-05-16 02:24:04'),
(14, 13, 'Shanna McDermott', 'Qui cumque sed alias magnam. Necessitatibus voluptatum aliquam iure molestiae debitis. Eos corrupti non consectetur vel molestiae qui laudantium in.', 2, '2018-05-16 02:24:04', '2018-05-16 02:24:04'),
(15, 46, 'Dr. Delmer Huels Jr.', 'Commodi tenetur voluptatibus perspiciatis est. Omnis hic amet consequatur aut laborum sit ex. Vel qui qui eligendi ex sit.', 0, '2018-05-16 02:24:04', '2018-05-16 02:24:04'),
(16, 36, 'Esteban Mitchell V', 'Delectus cumque et voluptates ipsam molestiae. Id suscipit quae cumque ducimus quas nihil nam. Corporis qui aut laborum consequuntur. Ad voluptatem enim qui consectetur facere quod repellendus.', 2, '2018-05-16 02:24:04', '2018-05-16 02:24:04'),
(17, 12, 'Margarita Dickinson', 'Quia rem enim tempora asperiores aperiam. Incidunt doloribus optio rem dolores ex voluptas. Quia quia debitis est aut nobis ipsum. Eum eaque accusamus fugiat voluptas.', 2, '2018-05-16 02:24:04', '2018-05-16 02:24:04'),
(18, 40, 'Evie Mayer', 'Consequatur consequatur rem sapiente rem et in. Voluptatem sint nemo aliquid quos. Dolorum ut repudiandae voluptate. Illum eos consectetur recusandae unde est culpa molestiae.', 4, '2018-05-16 02:24:04', '2018-05-16 02:24:04'),
(19, 9, 'Kiel Hirthe IV', 'Sit voluptatem omnis velit repellat. Dolore deserunt consequatur exercitationem dicta. Et et saepe voluptas eius aliquid aliquid. Nihil non nemo beatae numquam illum corrupti at.', 3, '2018-05-16 02:24:04', '2018-05-16 02:24:04'),
(20, 1, 'Mr. Ruben Casper', 'Laborum dicta praesentium vel enim omnis qui. Iste voluptatem occaecati nemo reiciendis aut omnis rerum harum. Quia similique eligendi fugit est eius voluptas repudiandae. Deleniti et modi dolor autem numquam sed.', 1, '2018-05-16 02:24:04', '2018-05-16 02:24:04'),
(21, 39, 'Gino Walter', 'Officiis aut quam officia tenetur perferendis nihil. Doloribus eum quo ut aut deserunt voluptatum saepe dolores. Rerum culpa quasi quos deserunt. Saepe neque quia omnis sit nulla perferendis sunt velit.', 3, '2018-05-16 02:24:04', '2018-05-16 02:24:04'),
(22, 48, 'Jaeden Ankunding', 'Voluptatem ad veritatis incidunt delectus mollitia qui voluptatem. Qui aperiam minima et. Ipsum reiciendis et aliquid.', 3, '2018-05-16 02:24:04', '2018-05-16 02:24:04'),
(23, 1, 'Laverne Graham Sr.', 'Maiores enim vel omnis enim dolorem. Accusamus rerum consequatur minus exercitationem exercitationem rerum fugiat. Voluptatem velit ex quia quis sed sed doloremque laboriosam.', 1, '2018-05-16 02:24:04', '2018-05-16 02:24:04'),
(24, 13, 'Avery Koepp', 'Veritatis nihil inventore qui enim necessitatibus aut. Dolor sit nihil quasi rerum numquam. Velit nam itaque ut aut voluptatibus ad.', 3, '2018-05-16 02:24:04', '2018-05-16 02:24:04'),
(25, 18, 'Casandra Hilll', 'Corrupti soluta et laboriosam veritatis est neque neque hic. Est doloribus culpa possimus animi. Ipsam similique odit possimus explicabo. Beatae et voluptas facere quia molestiae animi consectetur placeat. Exercitationem soluta ut quos et.', 0, '2018-05-16 02:24:04', '2018-05-16 02:24:04'),
(26, 15, 'Marlene Kirlin Jr.', 'Inventore doloremque tempora cupiditate laboriosam illum. Consequuntur sed sunt omnis. Dolores ea et ut nulla reprehenderit possimus non. Molestias et excepturi dolores ut voluptatem dolores et.', 4, '2018-05-16 02:24:04', '2018-05-16 02:24:04'),
(27, 42, 'Cheyenne Wunsch II', 'Dolores perspiciatis eaque inventore dolor omnis consequatur. Non reprehenderit nostrum voluptatem blanditiis modi ratione occaecati. Voluptatum voluptas quaerat rerum quisquam modi. Ipsam omnis est sunt atque.', 0, '2018-05-16 02:24:04', '2018-05-16 02:24:04'),
(28, 50, 'Orville Collins', 'Recusandae perspiciatis officiis itaque quia esse eaque eveniet dolores. Voluptatem recusandae ipsum laudantium qui.', 1, '2018-05-16 02:24:04', '2018-05-16 02:24:04'),
(29, 5, 'Linda Heathcote', 'Ex dolore qui maiores eaque dolores accusantium. Tempora voluptates dicta nostrum laudantium. Itaque corporis rem nulla.', 5, '2018-05-16 02:24:04', '2018-05-16 02:24:04'),
(30, 42, 'Tristian Stamm', 'Corporis iusto iusto nostrum aperiam voluptas laudantium beatae nulla. Occaecati non cupiditate fugiat voluptatem error sit fugiat. Voluptatem debitis tempora voluptatem veniam. Ipsum omnis ut ducimus eius ea magni.', 1, '2018-05-16 02:24:04', '2018-05-16 02:24:04'),
(31, 34, 'Orrin Abshire', 'Velit eius quas aut dicta et. Tempora sint ab sit et corrupti deleniti voluptates.', 1, '2018-05-16 02:24:04', '2018-05-16 02:24:04'),
(32, 20, 'Kallie Reinger', 'Dolorum illo quo labore cupiditate velit rerum quibusdam. Eos quam libero neque exercitationem. Iste mollitia occaecati nobis eius eos quis debitis.', 0, '2018-05-16 02:24:04', '2018-05-16 02:24:04'),
(33, 38, 'Ms. Anabelle Cummings III', 'Qui blanditiis dicta eos eaque praesentium. Corporis assumenda explicabo necessitatibus et ut atque voluptatibus. Eveniet veniam sed itaque iusto illo quia.', 0, '2018-05-16 02:24:04', '2018-05-16 02:24:04'),
(34, 29, 'Quinten Wyman', 'Animi modi molestiae et neque. Dolor aliquid ducimus veniam nihil ex.', 5, '2018-05-16 02:24:04', '2018-05-16 02:24:04'),
(35, 29, 'Yasmeen Johns', 'Voluptas sit et qui qui veniam voluptatem. Recusandae aspernatur vero ipsum dignissimos expedita molestias.', 0, '2018-05-16 02:24:04', '2018-05-16 02:24:04'),
(36, 36, 'Andres Murray II', 'Ut et qui possimus debitis accusantium nostrum voluptatem. Occaecati accusamus quia aperiam aliquam veniam. Placeat qui sit optio vero.', 2, '2018-05-16 02:24:04', '2018-05-16 02:24:04'),
(37, 31, 'Dr. Levi Koepp', 'Qui repellendus aperiam aut illo incidunt ea recusandae. Ut facere dolorem repellat blanditiis. Vel eum cupiditate occaecati eos quisquam quibusdam porro.', 4, '2018-05-16 02:24:04', '2018-05-16 02:24:04'),
(38, 14, 'Dylan Altenwerth Sr.', 'Eveniet deleniti voluptas animi fuga suscipit. Atque corrupti quaerat est ex et quia. Ut vero repellat sit nihil.', 2, '2018-05-16 02:24:04', '2018-05-16 02:24:04'),
(39, 25, 'Prof. Henry Fahey DVM', 'Perferendis quia ut sunt et non adipisci. Quo quasi occaecati laboriosam dolorem. Modi dolores ab magni sit sed autem.', 4, '2018-05-16 02:24:04', '2018-05-16 02:24:04'),
(40, 6, 'Adelle Schamberger', 'Sint officia impedit eum officiis ab. Sunt et esse provident nesciunt. Nihil alias qui pariatur sit asperiores voluptas placeat. Illum accusamus sint tempora et perferendis reprehenderit quia praesentium.', 0, '2018-05-16 02:24:05', '2018-05-16 02:24:05'),
(41, 46, 'Jerel Hilpert Sr.', 'Temporibus itaque cum architecto fuga. Et facilis ad earum neque. Ea labore voluptatem voluptatum consequuntur numquam commodi. Voluptas corporis voluptate fugiat explicabo qui est voluptas.', 4, '2018-05-16 02:24:05', '2018-05-16 02:24:05'),
(42, 5, 'Dr. Ava Luettgen', 'Animi quia suscipit eveniet iste. Consequatur amet recusandae est magnam. Tempore eaque temporibus est delectus corrupti consequatur.', 5, '2018-05-16 02:24:05', '2018-05-16 02:24:05'),
(43, 5, 'Zora Bayer', 'Qui rerum provident accusantium quisquam qui et. Quae aliquam velit aut velit maxime expedita. Eos suscipit et et provident nihil temporibus autem assumenda.', 0, '2018-05-16 02:24:05', '2018-05-16 02:24:05'),
(44, 17, 'Aliya Purdy DDS', 'Praesentium dolor cumque sunt non. Ab cumque quia cumque sapiente hic odio. Nihil et non quos minus nihil et. Fugiat tempore sequi id saepe rerum eius iure.', 2, '2018-05-16 02:24:05', '2018-05-16 02:24:05'),
(45, 3, 'Reyna Kiehn', 'Rerum quae perspiciatis ut quaerat beatae ipsam. Quasi eaque laboriosam facere et dolores est numquam. Ut ea tempore recusandae ut.', 2, '2018-05-16 02:24:05', '2018-05-16 02:24:05'),
(46, 12, 'Allene Nolan', 'Delectus assumenda aut fuga voluptate. Non consequatur reprehenderit voluptas sunt. Optio officia totam aspernatur eum et incidunt. Quia officia iste quia aut error reprehenderit qui.', 1, '2018-05-16 02:24:05', '2018-05-16 02:24:05'),
(47, 34, 'Nicklaus Rohan', 'Earum aut necessitatibus doloremque numquam consequatur. Nihil rerum nam est voluptas eveniet. Temporibus consequatur nostrum ut quia repudiandae inventore magnam.', 3, '2018-05-16 02:24:05', '2018-05-16 02:24:05'),
(48, 40, 'Annamarie Graham', 'Culpa error animi perspiciatis ea optio dolor sed. Consequatur porro nesciunt unde rem esse illo eligendi ut. Vel voluptatibus et est. Nobis id iusto nemo ducimus.', 1, '2018-05-16 02:24:05', '2018-05-16 02:24:05'),
(49, 21, 'Mr. Cloyd Mraz DDS', 'Eos deleniti totam labore voluptatem incidunt dolores. Earum doloremque corporis itaque quasi. Corporis sit ratione neque aut assumenda. Et dolor aliquam omnis. Atque earum nihil animi nihil.', 3, '2018-05-16 02:24:05', '2018-05-16 02:24:05'),
(50, 7, 'Sibyl Yost', 'Ea cum quo voluptatem fugiat voluptatem illo. Ducimus tempore distinctio nesciunt perferendis. Aut dolor cumque quis amet. Animi nisi esse omnis ducimus molestiae quasi.', 4, '2018-05-16 02:24:05', '2018-05-16 02:24:05'),
(51, 49, 'Jalen Heidenreich', 'Temporibus illum in cum sed maiores. Nihil id tempore minus. Dolorem rem aliquam dolor commodi aliquam non quas. Sequi tenetur doloremque atque quia exercitationem dolores.', 5, '2018-05-16 02:24:05', '2018-05-16 02:24:05'),
(52, 3, 'Edison Walker', 'Tempore est praesentium reprehenderit et. Tempore illum ab voluptatem qui saepe id.', 0, '2018-05-16 02:24:05', '2018-05-16 02:24:05'),
(53, 6, 'Mr. Russel Zulauf', 'In voluptatum error quidem sit. Vero dolores dolor est est iure id temporibus. Sed et quos dicta ipsam.', 3, '2018-05-16 02:24:05', '2018-05-16 02:24:05'),
(54, 10, 'Jeff Langosh', 'Quis voluptatem ut velit velit at eligendi quibusdam. Qui cupiditate cupiditate error ratione qui.', 1, '2018-05-16 02:24:05', '2018-05-16 02:24:05'),
(55, 15, 'Alta Mann', 'Autem et dolorem molestiae voluptatem. Sunt et est enim et in dignissimos. Architecto maxime iste occaecati magnam. Sit molestias cum id totam fuga sint.', 4, '2018-05-16 02:24:05', '2018-05-16 02:24:05'),
(56, 25, 'Justyn Spinka V', 'Impedit qui nisi porro veniam tempore autem aut optio. Ut velit sequi commodi aut aut molestiae beatae qui. Similique ea ea ex vel.', 0, '2018-05-16 02:24:05', '2018-05-16 02:24:05'),
(57, 13, 'Vidal Wilkinson', 'Mollitia nihil inventore occaecati praesentium. Porro soluta maxime pariatur voluptas minima eos. Doloremque adipisci enim ullam esse veniam magni.', 1, '2018-05-16 02:24:05', '2018-05-16 02:24:05'),
(58, 31, 'Pierce Satterfield', 'Dolores ex laudantium quia cumque est. Suscipit architecto praesentium ullam in est. Aut atque fugiat aut ipsam magnam earum.', 5, '2018-05-16 02:24:05', '2018-05-16 02:24:05'),
(59, 30, 'Bria Vandervort DDS', 'Et ipsam numquam magnam cupiditate ipsam. Ea dolores velit aliquid corporis excepturi eaque et. Velit recusandae et ullam praesentium sequi hic quis repellat. Magni nihil repellat natus qui fugit.', 5, '2018-05-16 02:24:05', '2018-05-16 02:24:05'),
(60, 48, 'Georgiana Hudson', 'Pariatur et sunt quisquam quasi. Quia perspiciatis totam ex odio ut et necessitatibus inventore. Est omnis quam ratione numquam nam. Quia consequatur est qui perferendis pariatur non.', 0, '2018-05-16 02:24:05', '2018-05-16 02:24:05'),
(61, 9, 'Claudie Corwin', 'Minima ipsam ut fugiat nobis. Et qui voluptatem sit rerum. Iste eveniet optio dolorum voluptates. Minus ut facere et cumque aut dignissimos.', 3, '2018-05-16 02:24:05', '2018-05-16 02:24:05'),
(62, 31, 'Prof. Rogelio Bergnaum II', 'Reiciendis distinctio alias consectetur dicta aut. Et sapiente unde suscipit. Voluptatem perferendis odio enim inventore nulla aliquid voluptas corporis. Et dolorem facilis incidunt quibusdam.', 2, '2018-05-16 02:24:05', '2018-05-16 02:24:05'),
(63, 43, 'Andres Muller PhD', 'Voluptatem modi quia sed non officiis. Rerum est voluptatibus nihil. Ducimus ducimus esse ipsam sit quasi dolorem. Atque numquam tenetur pariatur sed veniam laboriosam fugit.', 1, '2018-05-16 02:24:05', '2018-05-16 02:24:05'),
(64, 10, 'Prof. Trevion Cummerata', 'Beatae accusantium eos nobis libero. Dolorum in aut libero tenetur maiores. Deleniti sed omnis incidunt. Dolorem distinctio voluptatem id animi ratione aut.', 0, '2018-05-16 02:24:05', '2018-05-16 02:24:05'),
(65, 45, 'Prof. Maribel Skiles', 'At dicta expedita quia inventore. Qui quia veritatis beatae pariatur. Architecto ex perferendis blanditiis.', 5, '2018-05-16 02:24:05', '2018-05-16 02:24:05'),
(66, 14, 'Miss Rosamond Krajcik PhD', 'Architecto voluptate temporibus quas quasi non deleniti quos. Nemo dolorem et possimus rerum unde.', 3, '2018-05-16 02:24:06', '2018-05-16 02:24:06'),
(67, 23, 'Eden Kassulke', 'Molestias nesciunt quo eos cupiditate aspernatur. Aut odio provident aliquid ab iste vitae esse. Quo eaque inventore qui fugit.', 0, '2018-05-16 02:24:06', '2018-05-16 02:24:06'),
(68, 36, 'Dr. Merl Hammes Jr.', 'Illum quo et sunt aut molestias modi. Quisquam repudiandae perferendis molestiae reprehenderit consequuntur fugit ipsam ipsa. Assumenda earum numquam distinctio omnis eius id voluptates. Et deserunt et atque nihil culpa tenetur.', 4, '2018-05-16 02:24:06', '2018-05-16 02:24:06'),
(69, 35, 'Dr. Jonathon Kuhn III', 'Quia inventore accusamus molestias nobis quod repellat ullam. Qui optio esse ipsum quo. Necessitatibus quod omnis commodi ab temporibus et. Ut nesciunt distinctio aut iste reiciendis dolorem.', 0, '2018-05-16 02:24:06', '2018-05-16 02:24:06'),
(70, 11, 'Carley Steuber', 'Delectus explicabo dolorem in. Soluta nobis error consequuntur aut maiores. At ut voluptas possimus blanditiis et.', 1, '2018-05-16 02:24:06', '2018-05-16 02:24:06'),
(71, 4, 'Emmanuelle Gaylord', 'Enim est illum blanditiis ut. Rerum labore tempora dolorem architecto. Ab qui et consequatur quia et et. Veniam saepe necessitatibus eum aut.', 5, '2018-05-16 02:24:06', '2018-05-16 02:24:06'),
(72, 1, 'Lera Marks', 'Et maiores qui necessitatibus ea. Delectus voluptatem ipsa eius et autem. Enim ipsa ducimus officia nobis eius incidunt.', 0, '2018-05-16 02:24:06', '2018-05-16 02:24:06'),
(73, 43, 'Irwin Jacobi', 'Aut commodi saepe vel accusantium maxime provident molestiae. Quaerat alias ut officiis omnis velit repellat commodi. Qui omnis expedita sunt.', 0, '2018-05-16 02:24:06', '2018-05-16 02:24:06'),
(74, 30, 'Theodore Macejkovic', 'Necessitatibus omnis illum aperiam aliquid aut. Dolorem incidunt sit consectetur. Id magnam qui perspiciatis qui.', 3, '2018-05-16 02:24:06', '2018-05-16 02:24:06'),
(75, 2, 'Charles Murphy', 'Ut reiciendis deleniti molestias ratione eaque officiis commodi. Dicta ea rerum aut et illum ipsum.', 1, '2018-05-16 02:24:06', '2018-05-16 02:24:06'),
(76, 13, 'Dr. Rahul Marquardt Sr.', 'Odio pariatur vel eos aut temporibus sed quis enim. Ea corporis sed consequatur vel rem consequatur ab tempore. Officiis veritatis non cupiditate eos adipisci.', 3, '2018-05-16 02:24:06', '2018-05-16 02:24:06'),
(77, 36, 'Miss Elaina Ondricka', 'Doloremque magnam dolore ab vel mollitia. Ratione aut et ut. Quas enim neque et animi provident exercitationem eveniet.', 0, '2018-05-16 02:24:06', '2018-05-16 02:24:06'),
(78, 47, 'Alba Cummerata', 'Recusandae quam velit totam odio reprehenderit quam. Esse odio nam sunt placeat alias. Inventore sunt eligendi sed facere ipsum eum qui ad. Ut velit quia ipsum cumque odio qui sit eos.', 4, '2018-05-16 02:24:06', '2018-05-16 02:24:06'),
(79, 26, 'Forrest Hagenes', 'Esse omnis enim sunt nulla nam. Ipsum vel maxime exercitationem est rem. Eos qui dolor ut suscipit nihil facilis. Laudantium ab molestias id eum. Est fugit assumenda quaerat ut architecto repudiandae non.', 0, '2018-05-16 02:24:06', '2018-05-16 02:24:06'),
(80, 36, 'Jess Swaniawski', 'Quidem magnam sed enim placeat aut. Quia et quaerat voluptas minima vero similique accusantium. Et dolores et necessitatibus voluptatum esse possimus nostrum. Ut qui quaerat voluptatibus consectetur id nostrum quis.', 3, '2018-05-16 02:24:06', '2018-05-16 02:24:06'),
(81, 25, 'Carmela Altenwerth Jr.', 'Aspernatur nihil aut ex non aspernatur. Iure in sunt possimus. Est saepe pariatur quia eos blanditiis voluptatum est.', 2, '2018-05-16 02:24:06', '2018-05-16 02:24:06'),
(82, 8, 'Ms. Leann Lang', 'Voluptatem et magnam ab quas reprehenderit. Culpa voluptas nihil perspiciatis et.', 5, '2018-05-16 02:24:06', '2018-05-16 02:24:06'),
(83, 17, 'Charity Shields', 'Sed quo saepe voluptas pariatur dignissimos temporibus. Ipsum facere est eius sunt ipsam ut. Beatae omnis laborum aspernatur suscipit natus.', 1, '2018-05-16 02:24:06', '2018-05-16 02:24:06'),
(84, 41, 'Abby Hane', 'Culpa accusantium nihil eum aut modi eligendi. Tempora et expedita architecto et itaque. Sequi deserunt et et ab.', 0, '2018-05-16 02:24:06', '2018-05-16 02:24:06'),
(85, 5, 'Demarco Howe', 'Cupiditate qui esse rerum non officia. Alias similique dolore dolorem et dolorem ex hic. Rerum enim sequi hic. Reiciendis consequuntur laboriosam voluptatem at.', 0, '2018-05-16 02:24:06', '2018-05-16 02:24:06'),
(86, 8, 'Pearline Kuhic', 'Natus numquam hic voluptatibus expedita culpa suscipit. Dicta vel ut recusandae necessitatibus. Ad id est commodi dolorem numquam harum qui minima.', 3, '2018-05-16 02:24:06', '2018-05-16 02:24:06'),
(87, 23, 'Connie Roob', 'Aut vero facere voluptas rerum. Nobis est voluptas similique sapiente laudantium odio. Molestias et error aliquam consequuntur. Ipsum nam quisquam cumque deserunt quia voluptatem perferendis.', 0, '2018-05-16 02:24:06', '2018-05-16 02:24:06'),
(88, 39, 'Olen Spinka', 'Voluptatem placeat optio et inventore. Ex aperiam amet omnis eum autem. Qui debitis quis est quia ea esse qui delectus.', 1, '2018-05-16 02:24:06', '2018-05-16 02:24:06'),
(89, 46, 'Leanne Hodkiewicz', 'Sit dolorum tempora dolorem nihil cum suscipit et. Facilis fuga vel officia dolorem. Eligendi vitae amet incidunt id autem sint provident rerum.', 4, '2018-05-16 02:24:06', '2018-05-16 02:24:06'),
(90, 47, 'Prof. Beau Lemke', 'Necessitatibus est minima nulla voluptas quo. Rerum quia autem error eum quia inventore ea. Non non ea voluptates provident dolorem ducimus sint vel.', 2, '2018-05-16 02:24:06', '2018-05-16 02:24:06'),
(91, 19, 'Luis Littel', 'Dolorem est ipsum laudantium quibusdam. Facilis non commodi necessitatibus in alias. Velit nisi quam fugit et qui tenetur amet. Ipsum pariatur delectus quia voluptas culpa aliquid qui.', 1, '2018-05-16 02:24:06', '2018-05-16 02:24:06'),
(92, 1, 'Blaise Kunze', 'Perspiciatis esse eius velit harum blanditiis est et. Iure harum omnis voluptas veniam asperiores adipisci dolores. Deleniti iure velit est rerum rerum aspernatur nihil.', 2, '2018-05-16 02:24:06', '2018-05-16 02:24:06'),
(93, 36, 'Darrell Hauck', 'Officia qui tempora non ab deleniti. Quis dolore omnis autem fugit deleniti neque. Doloribus id dignissimos maxime ut maiores. Placeat placeat error veritatis ex aperiam.', 5, '2018-05-16 02:24:06', '2018-05-16 02:24:06'),
(94, 35, 'Laisha Stoltenberg', 'Iste quia perspiciatis animi ut minus eaque. Ea veniam nam ipsum aspernatur quod est est et. Est cumque et sit ullam.', 0, '2018-05-16 02:24:07', '2018-05-16 02:24:07'),
(95, 12, 'Mr. Jimmy Oberbrunner V', 'Asperiores cum nihil non officia. Esse quis reprehenderit nemo eveniet. Est maxime modi assumenda minus dolor rem.', 1, '2018-05-16 02:24:07', '2018-05-16 02:24:07'),
(96, 50, 'Alexanne Bins', 'Et voluptatem dicta accusantium debitis voluptatem iusto. Consequuntur tenetur alias similique tempore praesentium. Doloribus optio sint rerum. Pariatur qui impedit impedit et.', 0, '2018-05-16 02:24:07', '2018-05-16 02:24:07'),
(97, 46, 'Ezequiel Swift DVM', 'Architecto vel nihil aut soluta qui est dolorem nam. Hic rerum aspernatur ut cum dolores quasi. Perspiciatis dolorem omnis non reprehenderit iste perspiciatis non.', 4, '2018-05-16 02:24:07', '2018-05-16 02:24:07'),
(98, 38, 'Ora Hickle', 'Modi exercitationem magnam voluptas non dolorem et. Impedit voluptatem occaecati impedit. Voluptas tenetur aliquam vel incidunt autem in placeat.', 5, '2018-05-16 02:24:07', '2018-05-16 02:24:07'),
(99, 1, 'Lourdes Hettinger', 'Rerum et harum animi fugiat. Sequi rerum architecto blanditiis ad impedit velit. Aut laborum iusto quas adipisci excepturi voluptatum.', 0, '2018-05-16 02:24:07', '2018-05-16 02:24:07'),
(100, 50, 'Mr. Tom Sawayn', 'Quam unde adipisci in id libero culpa enim. Praesentium beatae asperiores aliquam optio ut et. Minima ipsa id possimus tenetur ipsam autem harum qui.', 0, '2018-05-16 02:24:07', '2018-05-16 02:24:07'),
(101, 43, 'Keagan Gislason', 'Voluptas porro eos fuga iste molestiae sit laboriosam. Nobis quis voluptate eaque et et quod facere nostrum. Cupiditate quo vel tempore quas ipsa. Quia esse esse ducimus quisquam.', 0, '2018-05-16 02:24:07', '2018-05-16 02:24:07'),
(102, 38, 'Willie Hammes', 'Dolores eum distinctio expedita laudantium magni nostrum. Corrupti ipsam necessitatibus excepturi nesciunt. Cupiditate ea amet molestias libero labore.', 4, '2018-05-16 02:24:07', '2018-05-16 02:24:07'),
(103, 11, 'Mariah Spinka IV', 'Id temporibus ullam quis ea tenetur consequatur. Enim ullam est voluptatem sequi. Expedita voluptatum sed delectus et exercitationem. Vero quae earum nam dolores est qui. Ea qui dolor voluptates provident deserunt voluptate dolorum.', 3, '2018-05-16 02:24:07', '2018-05-16 02:24:07'),
(104, 2, 'Vito Crooks', 'Est qui accusantium accusamus odio. Quaerat molestias porro dolores voluptatem ipsam. Natus dolor ea in excepturi recusandae asperiores voluptas.', 4, '2018-05-16 02:24:07', '2018-05-16 02:24:07'),
(105, 1, 'Douglas Osinski', 'Quaerat aspernatur reprehenderit sunt quae rerum dolorum non. Ratione autem aut ratione vitae aut ratione aliquid adipisci. Labore ullam doloribus occaecati qui sit quasi. Quia est eius est nobis.', 4, '2018-05-16 02:24:07', '2018-05-16 02:24:07'),
(106, 43, 'Prof. Quentin Schmidt', 'Quo voluptatem quas porro nobis sint aut tenetur. Ut ab labore eveniet autem fugit tenetur. Suscipit quibusdam culpa dolor incidunt aut. Quis animi est molestiae voluptas.', 0, '2018-05-16 02:24:07', '2018-05-16 02:24:07'),
(107, 36, 'Fay Jenkins', 'Veritatis enim magni molestiae nihil laudantium eligendi omnis illum. Quo aut ipsum corrupti eius sed et. Quo reiciendis tenetur et aut rerum nulla. Laborum laboriosam qui dignissimos aut.', 5, '2018-05-16 02:24:07', '2018-05-16 02:24:07'),
(108, 47, 'Dr. Faustino Johnson', 'Incidunt officia quas dignissimos et rem cum maxime delectus. Natus et est similique nulla. Voluptatum aut provident saepe.', 5, '2018-05-16 02:24:07', '2018-05-16 02:24:07'),
(109, 40, 'Fatima Wiza', 'Magni illo ab voluptatem. Quia similique est facilis consequuntur. Molestias et ab dignissimos sequi error et maiores. Est nihil maiores molestiae saepe quo in quia voluptatem.', 3, '2018-05-16 02:24:07', '2018-05-16 02:24:07'),
(110, 17, 'Alanna Hermiston', 'Ut et aut nesciunt reiciendis. Explicabo atque veritatis provident consequatur quia. Cum soluta quia asperiores quibusdam molestiae accusantium est. Voluptate qui rem vero et adipisci asperiores dolores.', 0, '2018-05-16 02:24:07', '2018-05-16 02:24:07'),
(111, 35, 'Roxanne Pfannerstill', 'Voluptatem iure repudiandae in laboriosam. A occaecati voluptatum repellat quam sed. Qui voluptas corrupti odit cupiditate. Perspiciatis deleniti eius est odio numquam beatae omnis. Voluptatem nam quisquam quasi eum occaecati velit.', 2, '2018-05-16 02:24:07', '2018-05-16 02:24:07'),
(112, 28, 'Jasen Raynor', 'Totam non libero quidem ipsam ut exercitationem et. Expedita non et occaecati aut nostrum sit. Voluptatibus qui repudiandae dolores eos veritatis nemo. Molestiae aut aliquam velit consequatur voluptatibus aut.', 5, '2018-05-16 02:24:07', '2018-05-16 02:24:07'),
(113, 30, 'Rolando Schuster', 'Architecto magnam est ea explicabo deserunt. Unde numquam voluptatum nihil beatae quisquam. Repudiandae magnam illum quia enim molestias id. Nesciunt eaque vel laboriosam sed ducimus.', 4, '2018-05-16 02:24:07', '2018-05-16 02:24:07'),
(114, 49, 'Lexus Watsica', 'Consectetur beatae deleniti libero in iste. Dicta possimus autem autem iusto. Molestiae hic aut nemo. Error nulla non laboriosam eveniet enim officiis cumque.', 1, '2018-05-16 02:24:07', '2018-05-16 02:24:07'),
(115, 25, 'Cornell Rosenbaum DDS', 'Dolores omnis velit hic modi. Impedit corporis veritatis magni vel repudiandae et. Quaerat in quaerat quis laborum quis tempore natus. Neque repellat aspernatur eveniet.', 4, '2018-05-16 02:24:07', '2018-05-16 02:24:07'),
(116, 30, 'Wilfredo Pfeffer', 'Ut reiciendis quam magni. Iste labore id non ea iusto sit voluptatem et. Non iusto beatae amet soluta laboriosam atque. Voluptas ut minima inventore laborum. Corrupti quas et architecto eligendi aut.', 4, '2018-05-16 02:24:07', '2018-05-16 02:24:07'),
(117, 18, 'Lenore Emard', 'Beatae veniam et et omnis. Eos non et laudantium facere sunt. Voluptatibus ab distinctio rerum debitis dolorem quia soluta nisi.', 4, '2018-05-16 02:24:07', '2018-05-16 02:24:07'),
(118, 38, 'Desiree Hansen', 'Non et voluptatem dignissimos deserunt molestiae iste quibusdam ipsa. Reprehenderit voluptas odio expedita et necessitatibus est autem cupiditate. Reprehenderit minima voluptatum ea. Dicta corrupti eum animi labore.', 0, '2018-05-16 02:24:07', '2018-05-16 02:24:07'),
(119, 4, 'Prof. Natalie Johnston', 'Sequi maiores id eos illum ut. Nihil quia ipsum temporibus soluta hic inventore tenetur. Voluptas tenetur id sit rem nisi. Vero dolor molestias dolores exercitationem.', 4, '2018-05-16 02:24:07', '2018-05-16 02:24:07'),
(120, 45, 'Michele Effertz I', 'Nesciunt est veniam impedit magnam. Cumque neque facilis quo aliquid veniam et molestiae.', 2, '2018-05-16 02:24:07', '2018-05-16 02:24:07'),
(121, 21, 'Nelle Johns', 'Nihil libero et ea aut asperiores ad. Et id adipisci animi dicta omnis. Non odio commodi voluptatem qui enim.', 1, '2018-05-16 02:24:07', '2018-05-16 02:24:07'),
(122, 5, 'Cielo Romaguera MD', 'Aut ut natus laboriosam repellendus. Ea quo ea expedita accusantium consequuntur dicta. Numquam adipisci hic suscipit qui.', 3, '2018-05-16 02:24:07', '2018-05-16 02:24:07'),
(123, 50, 'Jettie Roberts Jr.', 'Eos dolorem distinctio rerum ad. Officiis cum vel porro. Voluptatem dolorum laudantium neque qui nemo velit doloribus.', 4, '2018-05-16 02:24:08', '2018-05-16 02:24:08'),
(124, 36, 'Eduardo Rowe', 'Consequatur occaecati temporibus magni beatae atque voluptatem. Dolor ducimus animi unde voluptatem dolor aperiam et. Et deserunt quae itaque distinctio. Non ipsa vitae tempora expedita.', 1, '2018-05-16 02:24:08', '2018-05-16 02:24:08'),
(125, 23, 'Prof. Isaac Ryan IV', 'Cupiditate consequuntur omnis ut autem similique. Ullam nihil asperiores quia magni soluta.', 3, '2018-05-16 02:24:08', '2018-05-16 02:24:08'),
(126, 50, 'Estel Kuhlman I', 'Temporibus facere recusandae culpa qui. Veritatis est qui et eaque. Molestias hic laboriosam aut atque deleniti corporis voluptate. Qui incidunt excepturi est harum. Accusantium quis assumenda excepturi et consectetur velit.', 3, '2018-05-16 02:24:08', '2018-05-16 02:24:08'),
(127, 30, 'Dusty Larkin', 'Et quisquam quos sunt dignissimos. Possimus voluptatum ab omnis harum consequuntur quo quis. Delectus quis ea exercitationem est provident.', 2, '2018-05-16 02:24:08', '2018-05-16 02:24:08'),
(128, 45, 'Rosemary Dare', 'Dicta harum eius cupiditate consequatur quia. Et tenetur expedita consequatur quia quia blanditiis.', 0, '2018-05-16 02:24:08', '2018-05-16 02:24:08'),
(129, 45, 'Isaias Vandervort', 'Ipsam quis debitis eos maiores iusto. Ex numquam consectetur quia aliquid at. Molestiae nisi est et error eos quo totam.', 4, '2018-05-16 02:24:08', '2018-05-16 02:24:08'),
(130, 23, 'Norberto Hand Sr.', 'Iure in exercitationem et aut consequatur ad aut. Necessitatibus aliquam corporis illo blanditiis. Ipsum et aut voluptatum voluptas nemo.', 3, '2018-05-16 02:24:08', '2018-05-16 02:24:08'),
(131, 2, 'Henriette Nikolaus', 'Eos molestias ex facere fuga velit dolore. Voluptatem aliquid rerum laudantium aut dolore quae. Aut dolorum aut voluptatibus dolor. Expedita aut accusantium et omnis aliquam aut.', 2, '2018-05-16 02:24:08', '2018-05-16 02:24:08'),
(132, 27, 'Rose Sanford', 'Tempore aut et tenetur dolore sequi. Qui pariatur id quidem impedit molestias. Et reprehenderit voluptate voluptas culpa. Id quasi rerum eos aut sed eveniet.', 3, '2018-05-16 02:24:08', '2018-05-16 02:24:08'),
(133, 47, 'Dr. Isom Gorczany', 'Quibusdam blanditiis sunt voluptatem quia sit quia. Exercitationem numquam non facere quae temporibus reprehenderit numquam ducimus. Consectetur eligendi ut earum aliquid architecto cupiditate placeat.', 3, '2018-05-16 02:24:08', '2018-05-16 02:24:08'),
(134, 6, 'Jamey Koepp', 'Vel tempora praesentium quod saepe iste excepturi fuga. Enim eveniet nihil sequi aut. Soluta dolor totam aliquam velit voluptas est ullam. Dolore eum repellat minima et et aut non.', 3, '2018-05-16 02:24:08', '2018-05-16 02:24:08'),
(135, 23, 'Damien Beer', 'Earum illo eveniet repudiandae placeat nam. Iure nihil suscipit veniam ipsam consectetur numquam sed itaque. Modi id et rerum tenetur tempore. Adipisci non qui maxime rem et animi.', 0, '2018-05-16 02:24:08', '2018-05-16 02:24:08'),
(136, 21, 'Rosalee Mraz', 'Vel quis sed facere cupiditate mollitia explicabo quis qui. Blanditiis laborum optio similique id rem distinctio. Dolores alias adipisci quo.', 5, '2018-05-16 02:24:08', '2018-05-16 02:24:08'),
(137, 45, 'Miss Robyn Strosin III', 'Recusandae qui ut aut illo. Est dignissimos culpa nam iste quibusdam enim quo aliquam. Officiis ut veniam cum quidem similique. Adipisci ratione impedit non velit non et.', 1, '2018-05-16 02:24:08', '2018-05-16 02:24:08'),
(138, 15, 'Grady Brown DVM', 'Quia sit voluptate deserunt nam et. Deleniti facilis harum est ut commodi. Quae molestiae rerum porro sed.', 2, '2018-05-16 02:24:08', '2018-05-16 02:24:08'),
(139, 25, 'Ressie Stoltenberg', 'Vitae aut ab officia laboriosam. Atque nemo nisi cumque inventore assumenda. Enim animi blanditiis repellendus dignissimos reiciendis. Repellat placeat natus eum voluptatem dignissimos vel cum.', 0, '2018-05-16 02:24:08', '2018-05-16 02:24:08'),
(140, 28, 'Prof. Gabriel Toy IV', 'Nihil ea cumque sequi est veritatis. Mollitia cum corporis voluptas minus quos. Delectus enim tempore at est temporibus quia vero.', 0, '2018-05-16 02:24:08', '2018-05-16 02:24:08'),
(141, 37, 'Orpha Beer', 'Dolores blanditiis dolore voluptatem molestiae incidunt enim. Totam officia molestiae sapiente. Architecto voluptatem cum rem dolore.', 0, '2018-05-16 02:24:08', '2018-05-16 02:24:08'),
(142, 21, 'Dr. Mallory Spencer DVM', 'Similique veniam iure eos laudantium illum qui. Unde impedit numquam tempore. Reprehenderit placeat corrupti quis officiis fugit doloribus inventore eveniet. Dolorem animi vel ullam minus earum dicta.', 5, '2018-05-16 02:24:08', '2018-05-16 02:24:08'),
(143, 46, 'Dr. Nona Okuneva DVM', 'Aut autem animi delectus ipsam earum. Et autem alias rerum in. Rem aspernatur laborum fugit sapiente fugit in praesentium. Nihil earum asperiores eos reiciendis esse eum.', 3, '2018-05-16 02:24:08', '2018-05-16 02:24:08'),
(144, 24, 'Emma Greenholt', 'Fugiat non dolores eveniet facere. Dolor quaerat nulla fugit explicabo illum distinctio. Enim totam magni in adipisci molestiae sit sint. Nihil quia eum et libero pariatur sequi.', 5, '2018-05-16 02:24:08', '2018-05-16 02:24:08'),
(145, 40, 'Eulalia Shields', 'Ratione qui vitae ut qui. Numquam beatae rerum perspiciatis atque. Necessitatibus et tempore ipsum. Quae atque facilis qui itaque natus aut repellendus.', 1, '2018-05-16 02:24:08', '2018-05-16 02:24:08'),
(146, 36, 'Avery Bode', 'Et dolore repellendus ut nam. Error eligendi ab quos magnam maxime. Et modi excepturi eos aut.', 4, '2018-05-16 02:24:08', '2018-05-16 02:24:08'),
(147, 47, 'Elisa Skiles', 'Quia consectetur sed impedit libero. Eos dolores culpa iure corrupti voluptatem delectus. Eum consequatur voluptas consequuntur.', 4, '2018-05-16 02:24:08', '2018-05-16 02:24:08'),
(148, 39, 'Verner Schmidt', 'Laborum voluptatem autem et ipsam. Sit et eum sed odit. Unde possimus atque aut voluptatem atque laboriosam ut. Et sed magni maxime adipisci vitae reprehenderit.', 4, '2018-05-16 02:24:08', '2018-05-16 02:24:08'),
(149, 22, 'Zella Bode', 'Dolores cumque quisquam expedita voluptas numquam nobis harum libero. Id fugit consequatur doloremque ut consectetur quam autem. Itaque rerum quia itaque nobis quos. Aut in laboriosam repellat.', 3, '2018-05-16 02:24:08', '2018-05-16 02:24:08'),
(150, 49, 'Amelia Weissnat', 'Perferendis id laboriosam et culpa modi. Totam rem eum qui enim esse non. Suscipit eius deserunt impedit aliquid quaerat animi. Iusto sint consequatur nihil explicabo enim porro quia. Nam qui porro earum molestias qui voluptas.', 4, '2018-05-16 02:24:08', '2018-05-16 02:24:08'),
(151, 43, 'Augustine Hoeger', 'Illo et eos molestiae. Itaque nemo dolor est ipsum voluptatem. Qui ea deserunt adipisci iure. Rerum quia explicabo ut eaque.', 0, '2018-05-16 02:24:08', '2018-05-16 02:24:08'),
(152, 29, 'Tevin Wunsch', 'Ut est non sint vitae natus reprehenderit. Nisi qui omnis aut hic reprehenderit. Dicta qui aut necessitatibus minima nisi praesentium sit eligendi. Similique minus amet autem sit iste.', 0, '2018-05-16 02:24:08', '2018-05-16 02:24:08'),
(153, 22, 'Gilbert Pollich', 'Porro perferendis dolor aliquam aperiam non est eum. Provident omnis vel vel cumque. Aut consequatur iure aut aut ipsa sit.', 2, '2018-05-16 02:24:08', '2018-05-16 02:24:08'),
(154, 5, 'Prof. Vida Hilpert', 'Amet odio vel qui sit aut exercitationem excepturi et. Consequatur quidem voluptatem blanditiis assumenda temporibus porro vel. Impedit voluptates vero esse dicta laboriosam aut.', 5, '2018-05-16 02:24:08', '2018-05-16 02:24:08'),
(155, 10, 'Leland Dooley', 'In ea nobis iure qui aliquid itaque. Rerum corporis ad ducimus. At perferendis voluptatibus voluptas.', 5, '2018-05-16 02:24:08', '2018-05-16 02:24:08'),
(156, 7, 'Damaris Block', 'Eaque dolores dolorem aut ipsam necessitatibus optio deleniti. Minus officiis aspernatur eligendi cupiditate vel. Minima voluptas qui incidunt quos consequatur dolores necessitatibus. Culpa vel non quia adipisci. Alias sequi non repellat placeat ipsa.', 0, '2018-05-16 02:24:09', '2018-05-16 02:24:09'),
(157, 13, 'Georgiana Kihn', 'Asperiores in vel consectetur odit debitis. Et ducimus enim omnis delectus est fugiat voluptatum. Illum cupiditate qui quo sint nostrum accusantium. Est sapiente ut dolorem velit commodi.', 4, '2018-05-16 02:24:09', '2018-05-16 02:24:09'),
(158, 31, 'Mrs. Jessica Botsford', 'Reprehenderit asperiores id totam vero. Nobis assumenda et reprehenderit soluta. Quia nesciunt ut delectus autem reiciendis voluptatem. Qui commodi hic non dolores. Molestiae dolore aut totam repellendus placeat sunt.', 1, '2018-05-16 02:24:09', '2018-05-16 02:24:09'),
(159, 14, 'Gretchen Koch', 'Est dolores dolorem rerum quia. Blanditiis repellendus hic distinctio voluptates repellendus tempore. Non qui non est veniam. Et quos in nisi earum.', 3, '2018-05-16 02:24:09', '2018-05-16 02:24:09'),
(160, 10, 'Miss Jaquelin Padberg DVM', 'Aliquid iusto minima cumque voluptatem. Perspiciatis totam quo dolorem voluptates.', 0, '2018-05-16 02:24:09', '2018-05-16 02:24:09'),
(161, 31, 'Mr. Terrill Mann', 'Qui deleniti nemo illo cupiditate enim consequatur. Dicta libero repellat ea perspiciatis deserunt ipsam iure. Voluptate voluptatibus nam sit quis odit voluptas quaerat.', 4, '2018-05-16 02:24:09', '2018-05-16 02:24:09'),
(162, 21, 'Jadyn Adams', 'Impedit perspiciatis velit neque consequatur. Fuga dolorem commodi commodi ut eveniet doloribus animi.', 0, '2018-05-16 02:24:09', '2018-05-16 02:24:09'),
(163, 42, 'Niko Konopelski II', 'Aut maxime eos officia ducimus et aut. Aliquid dolores quod quia id reprehenderit. Occaecati porro ut nostrum non velit possimus vel.', 5, '2018-05-16 02:24:09', '2018-05-16 02:24:09'),
(164, 5, 'Julie McDermott', 'Animi nisi ipsam molestiae quasi enim consectetur laborum. Fugiat ut qui rerum non quisquam. Asperiores eos placeat modi eveniet.', 5, '2018-05-16 02:24:09', '2018-05-16 02:24:09'),
(165, 42, 'Electa Kozey', 'Officiis eos voluptate repudiandae. Quia quos quae unde voluptatem voluptates totam. Vero sunt sequi et eum minus rerum. Et libero ut ut a soluta.', 2, '2018-05-16 02:24:09', '2018-05-16 02:24:09'),
(166, 6, 'Neoma Mitchell III', 'Autem aut perferendis assumenda voluptatem ab exercitationem ut aut. Id vitae corrupti rerum error omnis suscipit. Nesciunt quos quia et. Eveniet et rerum doloremque eum eligendi ad neque cupiditate.', 2, '2018-05-16 02:24:09', '2018-05-16 02:24:09'),
(167, 3, 'Jevon Conn', 'Quod illum minus expedita. Deserunt cum ipsum possimus possimus cumque. Reiciendis atque qui libero perspiciatis aperiam et. Culpa non eum a est tempore a ut. Totam soluta amet est provident voluptatem.', 0, '2018-05-16 02:24:09', '2018-05-16 02:24:09'),
(168, 45, 'Mireya Skiles', 'Repellendus nihil nisi dolor rerum sit neque. Eligendi ipsum quisquam atque ullam sed provident fugiat. Asperiores magni similique consectetur quos. Vel asperiores dolorem accusamus impedit ullam ducimus molestias.', 1, '2018-05-16 02:24:09', '2018-05-16 02:24:09'),
(169, 39, 'Mrs. Hellen Muller V', 'Asperiores atque fugit voluptatum aut rerum. Beatae et delectus alias necessitatibus dolor asperiores autem impedit.', 5, '2018-05-16 02:24:09', '2018-05-16 02:24:09'),
(170, 22, 'Clemmie Gibson', 'Culpa ea delectus assumenda fugiat praesentium eligendi. Amet rerum corporis eos. Aliquid vel error amet totam dolorem.', 2, '2018-05-16 02:24:09', '2018-05-16 02:24:09'),
(171, 27, 'Hilbert Wyman Sr.', 'Veritatis consequuntur a ab autem. Maxime eos vel dolore adipisci. Et nobis dolore sit et. Ex provident et voluptas tenetur.', 4, '2018-05-16 02:24:09', '2018-05-16 02:24:09'),
(172, 6, 'Irving Douglas', 'Odio ea et ut minus odit id. Velit rerum omnis veritatis aliquam. Et aliquid eos dolor velit doloribus voluptatem.', 2, '2018-05-16 02:24:09', '2018-05-16 02:24:09'),
(173, 26, 'Prof. Edd Breitenberg Jr.', 'Quo vitae quam atque qui incidunt dicta perspiciatis non. Quidem sit est voluptatem culpa aut fugit. Deserunt quis et quas earum harum unde.', 0, '2018-05-16 02:24:09', '2018-05-16 02:24:09'),
(174, 4, 'Buck Stroman', 'Qui ipsa recusandae molestiae quis fugit error harum. Dolore ab laborum qui dolore sed nisi magnam. Dicta sapiente aut voluptatum et voluptas.', 0, '2018-05-16 02:24:09', '2018-05-16 02:24:09'),
(175, 22, 'Patricia Strosin I', 'Quam error minima recusandae ut magnam. Aliquam unde delectus dolorum illum vero. Eius voluptates debitis ex enim. Incidunt similique modi voluptas quos delectus porro eligendi.', 4, '2018-05-16 02:24:09', '2018-05-16 02:24:09'),
(176, 50, 'Dr. Lauren Brakus', 'Qui aut fugiat autem sapiente neque. Ipsum eos voluptatem sit provident laboriosam totam. Quo velit voluptatum vero voluptatem. Omnis aspernatur molestiae dolorem natus.', 3, '2018-05-16 02:24:09', '2018-05-16 02:24:09'),
(177, 43, 'Kaitlyn Hills', 'Quo itaque suscipit placeat repudiandae corporis architecto sunt voluptatem. Et culpa ullam omnis reiciendis et consequatur harum. Aut deserunt architecto molestiae vel. Voluptatem occaecati placeat praesentium qui modi et.', 0, '2018-05-16 02:24:09', '2018-05-16 02:24:09'),
(178, 44, 'Aniya Bruen', 'Nihil reprehenderit nesciunt voluptates sed laudantium eum. Ut modi necessitatibus delectus architecto. Cupiditate alias voluptas iure provident ut error architecto enim. Culpa atque dolor sit porro aspernatur quisquam.', 5, '2018-05-16 02:24:09', '2018-05-16 02:24:09'),
(179, 3, 'Marilyne Mraz', 'Tenetur dolores sit libero non aut sed. Ut dolor temporibus quos maxime unde quia placeat. Rerum velit et veritatis iure sed inventore.', 1, '2018-05-16 02:24:09', '2018-05-16 02:24:09'),
(180, 32, 'Prof. Dewayne Barrows', 'Nostrum ullam quo sed odio non incidunt. Ut voluptatem laboriosam doloremque aut laudantium eligendi. Corrupti provident et iure et.', 5, '2018-05-16 02:24:09', '2018-05-16 02:24:09'),
(181, 36, 'Marguerite Bechtelar', 'Dolores velit magnam illo nobis minus rem qui. Aut ut excepturi saepe. Nihil ipsa est nulla enim a quibusdam aspernatur. Possimus delectus reiciendis non atque deleniti aut.', 5, '2018-05-16 02:24:09', '2018-05-16 02:24:09'),
(182, 7, 'Dr. Deion Kohler', 'Id est voluptatem doloribus quia nostrum nostrum. Sed dolorem mollitia magni aut. Et consequuntur qui inventore quo qui incidunt. Laboriosam molestias ut at odit minus dolore provident.', 1, '2018-05-16 02:24:09', '2018-05-16 02:24:09'),
(183, 2, 'Florida Murray MD', 'Et nam sapiente praesentium sit nulla. Numquam officiis excepturi voluptas veritatis ex. Enim dolores delectus quod qui assumenda. Praesentium iusto voluptatem voluptate facere quos deleniti possimus.', 0, '2018-05-16 02:24:09', '2018-05-16 02:24:09'),
(184, 14, 'Prof. Irving Mills MD', 'Unde at error vel illo tempora debitis veniam. Aut et ut quia sit numquam. Voluptatum aut non vel maiores. Debitis odio velit magnam ullam et veritatis corrupti praesentium.', 1, '2018-05-16 02:24:09', '2018-05-16 02:24:09'),
(185, 16, 'Raymond Lind', 'Adipisci architecto assumenda atque qui est iure. Reiciendis praesentium et at aspernatur consectetur. Maxime asperiores soluta numquam.', 5, '2018-05-16 02:24:09', '2018-05-16 02:24:09'),
(186, 33, 'Ms. Ottilie Robel', 'Reprehenderit blanditiis quaerat qui quidem. Et dolorem ipsum aliquid ratione beatae inventore id dolorem. Consequuntur dolor vitae et reiciendis officia veniam in. Delectus aut repellat nobis voluptatem molestiae nobis.', 1, '2018-05-16 02:24:09', '2018-05-16 02:24:09'),
(187, 33, 'Tania Waters', 'Rem quam aut non cum. Illo molestiae quos aliquam assumenda nulla et est. At sequi non nam quia quos porro et. Quaerat ipsum reprehenderit vel et mollitia dolorum.', 3, '2018-05-16 02:24:09', '2018-05-16 02:24:09'),
(188, 7, 'Jackeline Gusikowski', 'Recusandae velit enim tempora sit reiciendis et. Aut placeat sunt tempora dicta. Ea aspernatur fuga architecto iure facilis sit. Hic voluptate quibusdam deleniti aut a.', 0, '2018-05-16 02:24:09', '2018-05-16 02:24:09'),
(189, 27, 'Isabella Kunze', 'Architecto harum est fuga velit sint rem saepe. Voluptas sed adipisci deserunt reprehenderit vel itaque. Quidem sed fuga tempora dolorum iusto voluptatem facere vero. Cum aliquam eos est.', 1, '2018-05-16 02:24:10', '2018-05-16 02:24:10'),
(190, 1, 'Brice Predovic', 'Sed laudantium aperiam et et dolores unde. Aliquid quia quis atque a assumenda. Consequuntur est itaque ratione dolorem dolor.', 1, '2018-05-16 02:24:10', '2018-05-16 02:24:10'),
(191, 25, 'Dr. Don Kovacek', 'Est quibusdam et qui ut vitae debitis. Accusantium reiciendis rerum suscipit cupiditate ut. Repellendus perspiciatis vel provident voluptatem ut. Iste et at qui tenetur et dolorem.', 4, '2018-05-16 02:24:10', '2018-05-16 02:24:10'),
(192, 19, 'Mr. Alberto Effertz', 'Recusandae consequatur fuga ad ut vel alias sint. Atque doloribus exercitationem consequatur ex. Numquam sit minima ipsa adipisci. Et sapiente amet nihil hic nostrum qui voluptatem.', 4, '2018-05-16 02:24:10', '2018-05-16 02:24:10'),
(193, 7, 'Catherine Watsica III', 'A quibusdam cumque dolorem officia omnis. Et rem laboriosam ab tenetur quisquam et et. Omnis omnis omnis laudantium consequatur voluptas blanditiis. Necessitatibus cum cumque ducimus laboriosam voluptas.', 0, '2018-05-16 02:24:10', '2018-05-16 02:24:10'),
(194, 11, 'Lavinia McClure', 'Sequi ullam nemo odit placeat. Odio tempore ut doloremque libero voluptatem et blanditiis doloremque.', 4, '2018-05-16 02:24:10', '2018-05-16 02:24:10'),
(195, 26, 'Demetrius Predovic', 'Enim ex consequatur et corrupti sint aut voluptatem. Molestiae sit voluptas autem repudiandae doloremque ipsum nesciunt. Et suscipit tempora autem ea adipisci tempore quia. Magnam voluptate eos voluptatem.', 4, '2018-05-16 02:24:10', '2018-05-16 02:24:10'),
(196, 28, 'Mr. Raul Kerluke DVM', 'Odit aut consequatur ea iusto. Fugiat et vel minus aut. Officiis id officia nulla accusantium provident quis quo.', 5, '2018-05-16 02:24:10', '2018-05-16 02:24:10'),
(197, 2, 'Prof. Adriel Haley', 'Velit alias a eos. Voluptas consequatur sed impedit illo voluptas omnis. Sequi minus aspernatur dolores soluta vel. Id quidem suscipit nostrum quisquam et.', 3, '2018-05-16 02:24:10', '2018-05-16 02:24:10'),
(198, 18, 'Thora Bailey', 'Corporis non veniam sed asperiores ad sint beatae. Nulla omnis repellendus et blanditiis debitis laudantium porro. Dolorum tenetur enim natus omnis.', 2, '2018-05-16 02:24:10', '2018-05-16 02:24:10'),
(199, 38, 'Judah Torp I', 'Facere nam consequuntur quibusdam est sit sunt esse. Ut est qui qui amet. Alias delectus vitae nihil quasi. Id unde amet similique expedita.', 3, '2018-05-16 02:24:10', '2018-05-16 02:24:10'),
(200, 47, 'Lavonne Rutherford', 'Similique porro amet itaque aspernatur. Debitis laborum amet sint necessitatibus eos corrupti necessitatibus. Ullam dolorum id voluptates deserunt.', 4, '2018-05-16 02:24:10', '2018-05-16 02:24:10'),
(201, 37, 'Ms. Leonora Rowe DVM', 'Facere at aut non non sequi libero ipsum. Quia natus explicabo illo blanditiis dolores. Non sapiente omnis distinctio. Voluptates non harum at sed deserunt.', 0, '2018-05-16 02:24:10', '2018-05-16 02:24:10'),
(202, 36, 'Millie Kihn DVM', 'Quis esse sit sint quis occaecati. Neque quis consectetur quos.', 0, '2018-05-16 02:24:10', '2018-05-16 02:24:10'),
(203, 8, 'Alana Nitzsche', 'Consequatur et quo aspernatur quasi numquam sint quisquam. Esse consectetur cumque voluptas excepturi. Vitae vel ut aut repellendus aliquam.', 5, '2018-05-16 02:24:10', '2018-05-16 02:24:10'),
(204, 4, 'Daron Romaguera', 'Earum quis temporibus ullam in consequatur autem nihil. Dolor quidem adipisci illo dolorem et. Ipsa maiores dicta ducimus voluptas repudiandae aliquam expedita numquam. Sunt ut impedit inventore et.', 1, '2018-05-16 02:24:10', '2018-05-16 02:24:10'),
(205, 41, 'Savannah Bernier', 'Quod officiis nihil ullam velit sint sint. Maiores similique nostrum beatae et rerum. Nostrum esse rem ullam quasi dolores qui. Est ullam sit veritatis quas enim aut aut.', 4, '2018-05-16 02:24:10', '2018-05-16 02:24:10'),
(206, 38, 'Ms. Helen Schiller DDS', 'Repellat mollitia eos quasi tempora. Fugiat sit nisi ab fugit dolore nihil nobis. Magnam sint et consectetur ea dolorum velit illum. Blanditiis modi optio exercitationem reiciendis amet.', 1, '2018-05-16 02:24:10', '2018-05-16 02:24:10'),
(207, 45, 'Jennifer Cassin', 'Velit minus quidem nisi adipisci. Maxime magni ea minus libero. Consectetur quis voluptatum et ducimus corrupti expedita eveniet. Ut est et ab quia quidem.', 1, '2018-05-16 02:24:10', '2018-05-16 02:24:10'),
(208, 6, 'Jade Hettinger V', 'Molestiae alias nemo vel sequi. Nobis officia alias ipsum aut assumenda. Illum eligendi ut rem fuga sequi repudiandae. Totam tempora quia in quidem suscipit nostrum.', 4, '2018-05-16 02:24:10', '2018-05-16 02:24:10'),
(209, 37, 'Miss Electa Hilpert', 'Et sed consequuntur dolorum nemo distinctio adipisci. Id recusandae non magni expedita aut veniam molestias. Et minima ullam qui sint ab.', 1, '2018-05-16 02:24:10', '2018-05-16 02:24:10');
INSERT INTO `reviews` (`id`, `product_id`, `customer`, `review`, `star`, `created_at`, `updated_at`) VALUES
(210, 21, 'Miss Alda Schumm III', 'Et cumque error occaecati aut dicta impedit et. Sed iure blanditiis quaerat fuga nobis repellat. Et vel aut at nostrum nemo dolor.', 1, '2018-05-16 02:24:10', '2018-05-16 02:24:10'),
(211, 1, 'Laisha Runolfsdottir', 'Exercitationem dignissimos a ea minima pariatur. Eius enim qui itaque autem aut ea. Dolorem similique omnis magni sunt magni vel. Nemo non est suscipit ad.', 3, '2018-05-16 02:24:10', '2018-05-16 02:24:10'),
(212, 2, 'Kaley Prohaska', 'Sed cumque eos unde ut. Ut delectus vitae culpa neque. Sequi dolore quis nihil error cupiditate deserunt.', 4, '2018-05-16 02:24:10', '2018-05-16 02:24:10'),
(213, 34, 'Dora Kertzmann', 'Blanditiis temporibus qui sit assumenda. Rerum neque et rerum consequuntur odit aperiam. Fugiat facere sed cumque asperiores alias fugit debitis. Iusto voluptatem molestiae nulla voluptatem consequatur.', 0, '2018-05-16 02:24:10', '2018-05-16 02:24:10'),
(214, 10, 'Nichole Lockman', 'Qui repellendus rerum illo qui sint. Similique quaerat recusandae non. Ut esse voluptate est illum dolor natus.', 5, '2018-05-16 02:24:10', '2018-05-16 02:24:10'),
(215, 14, 'Sandrine Mills I', 'Assumenda voluptas est impedit aut. Illo facere odio eveniet corrupti sit animi eum. In fugit voluptatem nesciunt alias. Culpa nisi enim ipsum aut rerum eius fugiat.', 0, '2018-05-16 02:24:10', '2018-05-16 02:24:10'),
(216, 27, 'Miss Hanna Bins', 'Cupiditate non numquam quaerat excepturi ut rerum. Eius vel et consequatur vel placeat. Eum laudantium vel qui. Et enim eius suscipit at repudiandae et.', 3, '2018-05-16 02:24:10', '2018-05-16 02:24:10'),
(217, 25, 'Lilliana Ullrich', 'Iste ipsa incidunt provident quasi vel. Asperiores quo ducimus dolorem ipsum ut. Ex nostrum aut voluptatem voluptatem veritatis magni. Modi omnis praesentium quis hic nam odio illo corporis.', 5, '2018-05-16 02:24:10', '2018-05-16 02:24:10'),
(218, 33, 'Norene Wuckert', 'Nisi omnis officiis corrupti non tenetur culpa. Minima sit autem sed qui quia voluptates. Dolorem est iusto ipsam ad dolores repellat rerum harum. Ipsum fugiat fugiat amet nulla eligendi.', 0, '2018-05-16 02:24:10', '2018-05-16 02:24:10'),
(219, 16, 'Randy Nikolaus', 'Quia labore suscipit voluptatem dolorum architecto sint quos. Unde qui unde dolor ut laborum amet. Sunt possimus velit aut nam neque voluptates. Molestias explicabo eos ea et quo sint.', 3, '2018-05-16 02:24:10', '2018-05-16 02:24:10'),
(220, 47, 'Gerard Willms', 'Provident reprehenderit possimus dignissimos debitis. Consequatur aperiam exercitationem et quidem molestiae. Autem non omnis fugit veritatis. Quibusdam quis voluptatem debitis reiciendis ex. Explicabo rerum est omnis est quo quos.', 2, '2018-05-16 02:24:10', '2018-05-16 02:24:10'),
(221, 21, 'Dr. Katrine Mayer', 'Voluptatem optio consequatur placeat repudiandae expedita impedit. Corporis numquam sed non. Ea aliquam dolores quos. Alias ut velit eius.', 2, '2018-05-16 02:24:10', '2018-05-16 02:24:10'),
(222, 21, 'Prof. Lucile Rath', 'Ad quia aut neque veniam aut. Cupiditate quaerat debitis expedita dolore cumque. Blanditiis corrupti dolores rerum harum.', 4, '2018-05-16 02:24:10', '2018-05-16 02:24:10'),
(223, 34, 'Kole Wolf', 'Neque eum nobis illo sunt et. Ut deleniti occaecati distinctio sit. Voluptatem veritatis magni modi et sit. Omnis eveniet explicabo commodi molestias maiores ullam adipisci.', 2, '2018-05-16 02:24:11', '2018-05-16 02:24:11'),
(224, 42, 'Miller Torp DDS', 'Provident repudiandae perspiciatis et consequatur fugiat sunt. Ea sequi assumenda totam sint recusandae. Doloremque vel blanditiis voluptatem voluptates et occaecati. Ut et architecto aut exercitationem.', 1, '2018-05-16 02:24:11', '2018-05-16 02:24:11'),
(225, 9, 'Florian Heaney PhD', 'Magni et inventore laudantium tempore repudiandae est vel. Voluptas minus doloremque pariatur neque qui minima aut. Ea aut adipisci sit tenetur.', 3, '2018-05-16 02:24:11', '2018-05-16 02:24:11'),
(226, 21, 'Mrs. Charity Ondricka III', 'Reprehenderit quis quae atque in fugit explicabo eius vel. In nulla temporibus molestiae qui magnam aut. Consequuntur nihil eum quibusdam aspernatur quis provident.', 1, '2018-05-16 02:24:11', '2018-05-16 02:24:11'),
(227, 34, 'Mr. Merle Haag IV', 'Et minima sit ut necessitatibus odit cumque. Aspernatur dolores voluptatem praesentium incidunt quo. Et in provident deserunt animi facilis facilis.', 5, '2018-05-16 02:24:11', '2018-05-16 02:24:11'),
(228, 7, 'Davin Hauck', 'Deleniti dolorum est et. Temporibus facere inventore in quibusdam fugiat enim. Nihil ratione in voluptate repellat.', 5, '2018-05-16 02:24:11', '2018-05-16 02:24:11'),
(229, 7, 'Makenzie McKenzie', 'Qui nisi nostrum sed aliquam rerum accusantium animi. Amet et qui id officia ratione. Non cumque maxime commodi et. Porro aut ratione et.', 2, '2018-05-16 02:24:11', '2018-05-16 02:24:11'),
(230, 47, 'Mrs. Lucienne Metz', 'Harum maxime repellat incidunt ex sed. Sint facilis doloremque sed voluptates mollitia. Ut quasi possimus qui aut cumque corporis. Suscipit aliquam laborum dolor dolores.', 1, '2018-05-16 02:24:11', '2018-05-16 02:24:11'),
(231, 33, 'Madyson Kiehn', 'Eius quibusdam quis perferendis voluptas dolor. Reprehenderit molestiae rem accusantium id possimus tempore consequuntur. Tempore dolorum nulla voluptatem corporis nihil ut corrupti. Praesentium sint vel cumque rem porro nemo magnam non.', 0, '2018-05-16 02:24:11', '2018-05-16 02:24:11'),
(232, 29, 'Leslie Mayert', 'Est placeat culpa maxime aut reprehenderit nemo. Omnis omnis qui dolores dolor. Repudiandae sunt sit voluptatem sit sequi.', 0, '2018-05-16 02:24:11', '2018-05-16 02:24:11'),
(233, 50, 'Noemi Stark Sr.', 'Excepturi aut cum quidem iste ut aut explicabo. Voluptatem accusantium omnis ex qui. Omnis et ab doloremque consequuntur numquam fugiat tempora. Sint illo officiis voluptatem dolor adipisci quis odit.', 1, '2018-05-16 02:24:11', '2018-05-16 02:24:11'),
(234, 36, 'Adriana Toy I', 'Et ut adipisci modi dolore labore doloribus et. Est accusamus magnam sit sapiente. Quis nemo molestiae iure est assumenda aut. Corporis quam placeat ut voluptas maxime sapiente. Et rerum voluptatem ipsum.', 0, '2018-05-16 02:24:11', '2018-05-16 02:24:11'),
(235, 39, 'Mr. Rodolfo Terry III', 'Nam et minus non fugit eos est. Culpa eum sed non sit laborum similique modi sit. Rerum autem aut dolorem doloremque iste enim est. Labore nostrum eligendi voluptatum eveniet vero dignissimos.', 4, '2018-05-16 02:24:11', '2018-05-16 02:24:11'),
(236, 36, 'Prof. Misael Heller IV', 'Est numquam et officiis voluptatem ex molestiae. Reprehenderit quis animi aliquam repellendus voluptatem maxime. Numquam quod deleniti voluptatibus aut adipisci error eos. Velit saepe et tempora maiores molestiae sapiente.', 2, '2018-05-16 02:24:11', '2018-05-16 02:24:11'),
(237, 7, 'Tiana Ferry', 'Illum et quo occaecati. Magni placeat reiciendis aut cumque ipsa rerum quam.', 5, '2018-05-16 02:24:11', '2018-05-16 02:24:11'),
(238, 5, 'Dr. Madaline Schowalter', 'Sed labore rem explicabo ipsam qui assumenda maiores. Libero excepturi dolorum quidem dolorem. Itaque ut consequatur sed magni iusto aut quia cupiditate. Qui enim sed saepe sunt dolore iste.', 0, '2018-05-16 02:24:11', '2018-05-16 02:24:11'),
(239, 47, 'Prof. Zion Witting', 'Autem odit repellat architecto modi rerum nemo repellat. Autem quia in optio nesciunt facilis sint consequuntur itaque. Labore aut dignissimos et eligendi reprehenderit. Eligendi fuga deserunt eum et sed aliquam. Iusto veritatis sed et et et.', 0, '2018-05-16 02:24:11', '2018-05-16 02:24:11'),
(240, 46, 'Dr. Geovany Howe', 'Dicta tenetur quaerat aliquam ea sit qui. Harum architecto expedita ex ipsum. Rerum corporis officiis neque temporibus consequatur consectetur et voluptatem. Et ullam sint porro modi corrupti tenetur ut.', 0, '2018-05-16 02:24:11', '2018-05-16 02:24:11'),
(241, 21, 'Camylle Mitchell', 'Aliquid veniam voluptas sequi architecto ea. Dolore facilis perferendis iste soluta ut. Possimus tempore nulla voluptatum non iure est.', 2, '2018-05-16 02:24:11', '2018-05-16 02:24:11'),
(242, 3, 'Dr. Kathleen Kuhn', 'Natus ipsa minus et excepturi minus molestiae. Odio ad harum mollitia. Porro voluptate expedita quod enim nostrum voluptatibus excepturi. Aut corrupti impedit ut enim.', 0, '2018-05-16 02:24:11', '2018-05-16 02:24:11'),
(243, 49, 'Albert Botsford', 'Aut maxime deleniti voluptatem repudiandae at qui sunt. Nihil et porro qui quam molestiae rerum modi a. Aspernatur id veritatis vitae quisquam velit.', 4, '2018-05-16 02:24:11', '2018-05-16 02:24:11'),
(244, 39, 'Armani Hessel Jr.', 'Modi molestiae non eum voluptatem eaque. Voluptas omnis vel ullam nihil. Sed repellat qui nulla nostrum molestiae quis accusantium incidunt.', 4, '2018-05-16 02:24:11', '2018-05-16 02:24:11'),
(245, 38, 'Kaela Dietrich', 'Pariatur cum optio natus labore repudiandae ex id. In rerum suscipit consequatur in aliquam et. Cum delectus libero voluptatum. Reiciendis aut maxime sit.', 3, '2018-05-16 02:24:11', '2018-05-16 02:24:11'),
(246, 22, 'Nathanael Howe DVM', 'Dolore a consequatur laborum laudantium deserunt corrupti quos molestiae. Earum harum sit ut harum. Ea ea molestiae molestiae aut perspiciatis qui placeat corporis. Optio dolorum sed iusto sunt eum cum. Consequuntur omnis repellendus ipsa doloremque officiis.', 3, '2018-05-16 02:24:11', '2018-05-16 02:24:11'),
(247, 9, 'Ursula Feeney III', 'Voluptas eligendi nihil iusto dolorem. Maxime sed assumenda nisi. Quia voluptatem asperiores distinctio sunt reiciendis distinctio. Accusantium voluptatem nihil quis quia id.', 5, '2018-05-16 02:24:11', '2018-05-16 02:24:11'),
(248, 34, 'Bessie Balistreri Jr.', 'Repudiandae qui accusantium molestiae sunt sit. Aperiam vitae facilis recusandae officia. Provident rerum suscipit non nihil. Asperiores quo aut magni amet.', 2, '2018-05-16 02:24:11', '2018-05-16 02:24:11'),
(249, 31, 'Santos Rowe', 'Voluptatem qui voluptatem dolor itaque et blanditiis odio. Iure repudiandae sunt ut nulla. Assumenda dicta eos qui est. Dolor omnis officia architecto. Voluptatem quia consequatur voluptatem ipsa.', 3, '2018-05-16 02:24:11', '2018-05-16 02:24:11'),
(250, 42, 'Prof. Eunice Boyle IV', 'In id a rerum facere ut. Qui aliquam id est modi et vero iusto.', 5, '2018-05-16 02:24:11', '2018-05-16 02:24:11'),
(251, 30, 'Noble Mayer', 'Ad rerum non hic aut. Dolor itaque sapiente nam et sunt.', 5, '2018-05-16 02:24:11', '2018-05-16 02:24:11'),
(252, 47, 'Mrs. Annetta Kemmer', 'Delectus voluptatum repudiandae commodi in ipsam. Harum minima iure cum voluptas aut vel nesciunt.', 3, '2018-05-16 02:24:11', '2018-05-16 02:24:11'),
(253, 35, 'Obie Mante', 'Sequi et rerum ad. Nobis eaque itaque cum fugit et. Temporibus sapiente officia incidunt ut ipsam nemo impedit. Accusantium eum aspernatur repellat dolores deleniti sed itaque.', 1, '2018-05-16 02:24:11', '2018-05-16 02:24:11'),
(254, 49, 'Dr. Shaun Runolfsdottir', 'Similique necessitatibus cumque est sapiente harum inventore cum. Dolorem illo provident officiis ipsa eveniet omnis deleniti. Vel tenetur ea iusto ut dolores voluptatem aut.', 3, '2018-05-16 02:24:11', '2018-05-16 02:24:11'),
(255, 45, 'Prof. Hector Lockman', 'Repellat temporibus ut animi fuga. Quis est sed ut fugit sint. Omnis rem sit quo et. Et non repellat ipsum placeat. Quod animi cupiditate consectetur aspernatur.', 4, '2018-05-16 02:24:12', '2018-05-16 02:24:12'),
(256, 13, 'Miss Euna Terry', 'Cumque nostrum debitis deserunt qui provident. In ea voluptates fugiat cum repellendus ea. Dolores eligendi sit a quo voluptates assumenda velit. Vero ad quisquam incidunt inventore.', 3, '2018-05-16 02:24:12', '2018-05-16 02:24:12'),
(257, 15, 'Alfreda Wisoky', 'Iste quasi enim esse dignissimos vitae aperiam. Nesciunt aut maiores dolor pariatur sint dignissimos. Odio dolor ducimus ex eum. Autem quia fugiat pariatur odio quos. Quo sit vero corporis possimus saepe itaque veniam odit.', 5, '2018-05-16 02:24:12', '2018-05-16 02:24:12'),
(258, 29, 'Katarina Koelpin', 'Sapiente repudiandae ab ut assumenda temporibus voluptatem. Quisquam nam sequi cupiditate. Rerum autem et earum excepturi exercitationem totam adipisci. Ut sit praesentium esse.', 5, '2018-05-16 02:24:12', '2018-05-16 02:24:12'),
(259, 35, 'Prof. Giovanny Becker IV', 'Enim labore consequatur voluptatem odit expedita quasi et officiis. Blanditiis voluptatem et debitis dolore facere placeat quis. Ipsa vel vitae assumenda cum sit.', 0, '2018-05-16 02:24:12', '2018-05-16 02:24:12'),
(260, 30, 'Kristoffer Gerlach II', 'Nam enim aliquam quaerat ab. Aut et aperiam iure placeat eum ea. Cum consequuntur illo sequi quis aut.', 2, '2018-05-16 02:24:12', '2018-05-16 02:24:12'),
(261, 28, 'Raphael Considine', 'Sint consequatur officia impedit aliquam est fuga autem. Nam nemo eligendi provident quasi. Repudiandae et eos voluptatem.', 0, '2018-05-16 02:24:12', '2018-05-16 02:24:12'),
(262, 3, 'Prof. Raina Howell DVM', 'Voluptate odit consequuntur sint harum in itaque error. Aut officiis voluptatem omnis. Occaecati magni recusandae recusandae molestiae minima.', 4, '2018-05-16 02:24:12', '2018-05-16 02:24:12'),
(263, 48, 'Mr. Garland Dibbert MD', 'Odio sed corrupti ad reiciendis consectetur. Veniam adipisci ipsa placeat sunt libero. Nesciunt ipsa dolorem ut rerum. Et non labore consequatur non ipsam laborum. Voluptatem cupiditate quis eius eum nesciunt aliquid exercitationem.', 4, '2018-05-16 02:24:12', '2018-05-16 02:24:12'),
(264, 14, 'Wade Lang', 'Placeat aut sit adipisci eaque. Et non ut laborum nemo. Earum molestiae quia culpa et aut mollitia unde. Sed exercitationem voluptatem saepe in.', 4, '2018-05-16 02:24:12', '2018-05-16 02:24:12'),
(265, 31, 'Jakob Senger', 'Consequatur autem blanditiis omnis ex accusantium ea. Possimus qui sit quaerat ex qui sit. Repudiandae libero vitae assumenda culpa praesentium et.', 4, '2018-05-16 02:24:12', '2018-05-16 02:24:12'),
(266, 45, 'Dr. Green Barton MD', 'Ut necessitatibus distinctio reprehenderit autem. Aut ratione facere ab nihil ex minima. Sit veniam eos est commodi illo accusamus totam.', 5, '2018-05-16 02:24:12', '2018-05-16 02:24:12'),
(267, 49, 'Ezequiel Hoppe', 'Perspiciatis natus dolores beatae voluptate aspernatur doloribus tempora et. In quidem dolor qui dolore qui quas qui aut. Excepturi culpa quod tenetur dolor non.', 0, '2018-05-16 02:24:12', '2018-05-16 02:24:12'),
(268, 37, 'Devin Schmidt', 'Ratione natus ut vel architecto officiis odit. Ut libero doloribus nihil earum voluptatibus. Est sit quia sint omnis autem nihil. Tempore soluta nisi unde repellendus.', 4, '2018-05-16 02:24:12', '2018-05-16 02:24:12'),
(269, 46, 'Mr. Hugh Bode', 'Quaerat aperiam a qui quis. Similique itaque corporis omnis. Minima ipsa laborum cupiditate maxime et consequuntur iste. Ducimus at quia blanditiis numquam sequi non.', 3, '2018-05-16 02:24:12', '2018-05-16 02:24:12'),
(270, 36, 'Ms. Pattie Fadel', 'Asperiores facilis suscipit animi. Neque nam velit eos porro esse.', 0, '2018-05-16 02:24:12', '2018-05-16 02:24:12'),
(271, 27, 'Zackary Gleichner', 'Aut odit iure iste ut consequuntur reiciendis necessitatibus. Sit laboriosam est omnis quae optio rerum. Soluta eveniet nulla assumenda iusto deserunt nostrum velit officiis. Quis tempora similique ut blanditiis.', 5, '2018-05-16 02:24:12', '2018-05-16 02:24:12'),
(272, 2, 'Godfrey Runolfsson', 'Qui minus dolores cupiditate itaque non libero. Aliquam ut repellat atque omnis quos harum dignissimos et. Accusamus nihil ex omnis at quo omnis.', 5, '2018-05-16 02:24:12', '2018-05-16 02:24:12'),
(273, 40, 'Sean Beahan IV', 'Perferendis et quas qui nulla incidunt. Consequuntur et at aut voluptas enim quidem. Voluptatem facilis soluta est doloremque at est eos. Illum quis in ut. Amet atque voluptas reprehenderit sit natus non.', 0, '2018-05-16 02:24:12', '2018-05-16 02:24:12'),
(274, 30, 'Brianne Balistreri', 'Dolore et qui qui accusamus ipsa aperiam. Aliquam qui est eum ipsa quibusdam tempora omnis necessitatibus. Et non in quasi reiciendis mollitia dolorum eum. Quas quam asperiores pariatur dolorem doloremque.', 3, '2018-05-16 02:24:12', '2018-05-16 02:24:12'),
(275, 32, 'Reyes Hegmann Sr.', 'Ex quos libero occaecati aliquam. Non fugit perspiciatis dolor similique deleniti. Suscipit et beatae error hic quos sit.', 2, '2018-05-16 02:24:12', '2018-05-16 02:24:12'),
(276, 49, 'Solon Heller', 'Aut in labore quo reprehenderit similique. Debitis eveniet nostrum esse iste aliquam. Dolorem qui voluptate magni mollitia ut. Quae nostrum et aut eum aliquid.', 3, '2018-05-16 02:24:12', '2018-05-16 02:24:12'),
(277, 38, 'Cameron Kuvalis PhD', 'Repellendus aperiam doloribus facilis inventore officiis est est. Beatae quo quia consequatur amet tempora. Excepturi dolorem voluptatem omnis. Impedit ut quia labore et.', 5, '2018-05-16 02:24:12', '2018-05-16 02:24:12'),
(278, 48, 'Talon Nolan', 'Dignissimos voluptate facilis explicabo quasi. Eveniet temporibus quaerat dolore veniam. Optio voluptatibus labore ipsum.', 4, '2018-05-16 02:24:12', '2018-05-16 02:24:12'),
(279, 1, 'Carissa Ullrich', 'Sequi et dolor aut doloribus corrupti laboriosam corporis. Quia rerum ex iste officiis. Ab ut consequatur quasi facere.', 1, '2018-05-16 02:24:12', '2018-05-16 02:24:12'),
(280, 19, 'Bernice Eichmann', 'Commodi amet adipisci eveniet aut incidunt. Eveniet expedita sed non odit illum tempora. Dolorem ut qui voluptas. Modi corporis fuga dolorem.', 0, '2018-05-16 02:24:12', '2018-05-16 02:24:12'),
(281, 5, 'Ardith Koepp', 'Sapiente sit provident occaecati voluptatem velit et. Ut consectetur eaque laborum sunt nisi. Enim velit et enim.', 5, '2018-05-16 02:24:13', '2018-05-16 02:24:13'),
(282, 49, 'Meggie Streich', 'Amet assumenda sed voluptatem maxime veniam maxime ab perspiciatis. Distinctio laudantium est blanditiis veritatis.', 1, '2018-05-16 02:24:13', '2018-05-16 02:24:13'),
(283, 1, 'Miss Melisa Mayert', 'Magni voluptas quia impedit. Sapiente laudantium omnis esse et enim sit. Omnis qui sint facere at fugit molestias.', 1, '2018-05-16 02:24:13', '2018-05-16 02:24:13'),
(284, 2, 'Cassandre Labadie DVM', 'Nam sit aspernatur nobis qui quo at laudantium numquam. Sequi odit quo deleniti debitis quas rerum. Sit omnis doloremque commodi consectetur fugit optio.', 0, '2018-05-16 02:24:13', '2018-05-16 02:24:13'),
(285, 1, 'Ms. Oceane Becker', 'Veritatis illum fugiat esse quia cum quia vel. Officiis hic id tenetur ab consequuntur et tenetur. Qui libero fuga voluptas aliquam.', 4, '2018-05-16 02:24:13', '2018-05-16 02:24:13'),
(286, 25, 'Murray Littel', 'Consequatur et quas et non eum praesentium. Pariatur quisquam fugit distinctio sapiente doloribus inventore aut. Provident autem illum suscipit qui quibusdam illum. Expedita laboriosam ab sunt nobis exercitationem quae.', 0, '2018-05-16 02:24:13', '2018-05-16 02:24:13'),
(287, 31, 'Miss Laura Quigley II', 'Consequatur ullam quo repudiandae et placeat. Modi veniam est velit et ipsum pariatur voluptatem. Corrupti repellat ea laborum repellat consequuntur reprehenderit.', 1, '2018-05-16 02:24:13', '2018-05-16 02:24:13'),
(288, 36, 'Kevin Gerhold', 'Enim corporis dolore minus voluptatem ipsum. Nulla et quae magni fuga. Quae ut laboriosam nemo pariatur tempora.', 3, '2018-05-16 02:24:13', '2018-05-16 02:24:13'),
(289, 5, 'Mr. Alexander Klein I', 'Vel eligendi quas voluptates eum. Rerum qui explicabo qui ducimus dignissimos. Quis consequuntur aspernatur optio voluptatibus eius. Fugiat repellendus quasi quo ratione.', 4, '2018-05-16 02:24:13', '2018-05-16 02:24:13'),
(290, 3, 'Dr. Jameson Koch', 'Et reiciendis esse quo nobis distinctio. Deserunt quia debitis odio quod similique. Quas maiores praesentium dolor dolore iure laudantium. Qui et fugit beatae corporis voluptas et.', 2, '2018-05-16 02:24:13', '2018-05-16 02:24:13'),
(291, 22, 'Harry Casper', 'Ipsam et quia qui non et aut. Est fugiat optio pariatur corrupti sint. Repudiandae dicta similique magni in et repellendus. Et ipsum delectus est iure ut eos.', 4, '2018-05-16 02:24:13', '2018-05-16 02:24:13'),
(292, 19, 'Elroy Klein', 'Doloribus iusto illum delectus veniam. Omnis numquam sed enim odio repellat odio iure. Et architecto sit debitis quo neque corporis a.', 2, '2018-05-16 02:24:13', '2018-05-16 02:24:13'),
(293, 50, 'Mr. Winfield Streich DVM', 'Eos vel facilis labore consequuntur. Quia consectetur quibusdam quasi sunt sint accusamus culpa. Tempore quasi vitae et omnis sit tenetur officiis.', 5, '2018-05-16 02:24:13', '2018-05-16 02:24:13'),
(294, 43, 'Jean Dare', 'Enim quo incidunt labore qui explicabo magni voluptas. Dolorem quaerat ut laboriosam fugit non consectetur. Temporibus eius beatae similique facilis quisquam vel sed.', 1, '2018-05-16 02:24:13', '2018-05-16 02:24:13'),
(295, 33, 'Brandi Armstrong', 'Alias officiis placeat in dolorum non asperiores fugiat. Reprehenderit provident aliquam eaque a maxime velit. Necessitatibus et commodi sed debitis non sit et. Beatae optio id odio sit.', 0, '2018-05-16 02:24:13', '2018-05-16 02:24:13'),
(296, 6, 'Macie Funk II', 'Aut debitis molestiae qui odit unde incidunt. Suscipit eos quo voluptate non veritatis dolore. Velit eos consequatur natus voluptas eius dolor et.', 4, '2018-05-16 02:24:13', '2018-05-16 02:24:13'),
(297, 13, 'Noble Glover', 'Laudantium dolore consectetur quasi quae reiciendis dolore. Est temporibus et quibusdam praesentium. Consequuntur consectetur soluta aut enim amet consequuntur.', 4, '2018-05-16 02:24:13', '2018-05-16 02:24:13'),
(298, 18, 'Kara Olson I', 'Voluptatem hic non omnis provident dolorem error nisi. Ut architecto culpa eaque quaerat. Quam doloremque corrupti quasi ratione ullam a sed. Suscipit ut in quod numquam veritatis est voluptas.', 4, '2018-05-16 02:24:13', '2018-05-16 02:24:13'),
(299, 17, 'Maudie Flatley', 'Qui culpa quis animi eos. Et facere quibusdam repellendus delectus rerum accusantium minima. Facere consequatur beatae porro doloribus quas sit.', 1, '2018-05-16 02:24:13', '2018-05-16 02:24:13'),
(300, 18, 'Liam Harber I', 'Sed rerum sed consequuntur itaque quia commodi est. Magnam est soluta reiciendis deserunt quisquam. Voluptates quidem tempore iste autem. Nihil facere quia voluptatibus voluptas.', 0, '2018-05-16 02:24:13', '2018-05-16 02:24:13');

-- --------------------------------------------------------

--
-- Table structure for table `users`
--

CREATE TABLE `users` (
  `id` int(10) UNSIGNED NOT NULL,
  `name` varchar(191) COLLATE utf8mb4_unicode_ci NOT NULL,
  `email` varchar(191) COLLATE utf8mb4_unicode_ci NOT NULL,
  `password` varchar(191) COLLATE utf8mb4_unicode_ci NOT NULL,
  `remember_token` varchar(100) COLLATE utf8mb4_unicode_ci DEFAULT NULL,
  `created_at` timestamp NULL DEFAULT NULL,
  `updated_at` timestamp NULL DEFAULT NULL
) ENGINE=InnoDB DEFAULT CHARSET=utf8mb4 COLLATE=utf8mb4_unicode_ci;

--
-- Indexes for dumped tables
--

--
-- Indexes for table `migrations`
--
ALTER TABLE `migrations`
  ADD PRIMARY KEY (`id`);

--
-- Indexes for table `password_resets`
--
ALTER TABLE `password_resets`
  ADD KEY `password_resets_email_index` (`email`);

--
-- Indexes for table `products`
--
ALTER TABLE `products`
  ADD PRIMARY KEY (`id`);

--
-- Indexes for table `reviews`
--
ALTER TABLE `reviews`
  ADD PRIMARY KEY (`id`),
  ADD KEY `reviews_product_id_index` (`product_id`);

--
-- Indexes for table `users`
--
ALTER TABLE `users`
  ADD PRIMARY KEY (`id`),
  ADD UNIQUE KEY `users_email_unique` (`email`);

--
-- AUTO_INCREMENT for dumped tables
--

--
-- AUTO_INCREMENT for table `migrations`
--
ALTER TABLE `migrations`
  MODIFY `id` int(10) UNSIGNED NOT NULL AUTO_INCREMENT, AUTO_INCREMENT=5;

--
-- AUTO_INCREMENT for table `products`
--
ALTER TABLE `products`
  MODIFY `id` int(10) UNSIGNED NOT NULL AUTO_INCREMENT, AUTO_INCREMENT=51;

--
-- AUTO_INCREMENT for table `reviews`
--
ALTER TABLE `reviews`
  MODIFY `id` int(10) UNSIGNED NOT NULL AUTO_INCREMENT, AUTO_INCREMENT=301;

--
-- AUTO_INCREMENT for table `users`
--
ALTER TABLE `users`
  MODIFY `id` int(10) UNSIGNED NOT NULL AUTO_INCREMENT;

--
-- Constraints for dumped tables
--

--
-- Constraints for table `reviews`
--
ALTER TABLE `reviews`
  ADD CONSTRAINT `reviews_product_id_foreign` FOREIGN KEY (`product_id`) REFERENCES `products` (`id`) ON DELETE CASCADE;
COMMIT;

/*!40101 SET CHARACTER_SET_CLIENT=@OLD_CHARACTER_SET_CLIENT */;
/*!40101 SET CHARACTER_SET_RESULTS=@OLD_CHARACTER_SET_RESULTS */;
/*!40101 SET COLLATION_CONNECTION=@OLD_COLLATION_CONNECTION */;
